title,author,avg_rating,ratings_count,page,cover_url,cover_id,book_url,author_url,scraped_at
"The Hunger Games (The Hunger Games, #1)",Suzanne Collins,4.35,9744930,1,https://i.gr-assets.com/images/S/compressed.photo.goodreads.com/books/1586722975i/2767052._SX50_.jpg,the_hunger_games_the_hunger_ga.jpg,https://www.goodreads.com/book/show/2767052-the-hunger-games,https://www.goodreads.com/author/show/153394.Suzanne_Collins,2025-11-05 20:21:15
Pride and Prejudice,Jane Austen,4.29,4720653,1,https://i.gr-assets.com/images/S/compressed.photo.goodreads.com/books/1320399351i/1885._SY75_.jpg,pride_and_prejudice.jpg,https://www.goodreads.com/book/show/1885.Pride_and_Prejudice,https://www.goodreads.com/author/show/1265.Jane_Austen,2025-11-05 20:21:18
To Kill a Mockingbird,Harper Lee,4.26,6782469,1,https://i.gr-assets.com/images/S/compressed.photo.goodreads.com/books/1553383690i/2657._SY75_.jpg,to_kill_a_mockingbird.jpg,https://www.goodreads.com/book/show/2657.To_Kill_a_Mockingbird,https://www.goodreads.com/author/show/1825.Harper_Lee,2025-11-05 20:21:21
"Harry Potter and the Order of the Phoenix (Harry Potter, #5)",J.K. Rowling,4.50,3744007,1,https://i.gr-assets.com/images/S/compressed.photo.goodreads.com/books/1627045351i/58613451._SY75_.jpg,N/A,https://www.goodreads.com/book/show/58613451-harry-potter-and-the-order-of-the-phoenix,https://www.goodreads.com/author/show/1077326.J_K_Rowling,2025-11-05 20:21:24
The Book Thief,Markus Zusak,4.39,2839463,1,https://i.gr-assets.com/images/S/compressed.photo.goodreads.com/books/1522157426i/19063._SY75_.jpg,N/A,https://www.goodreads.com/book/show/19063.The_Book_Thief,https://www.goodreads.com/author/show/11466.Markus_Zusak,2025-11-05 20:21:24
"Twilight (The Twilight Saga, #1)",Stephenie Meyer,3.67,7216455,1,https://i.gr-assets.com/images/S/compressed.photo.goodreads.com/books/1700522826i/41865._SY75_.jpg,N/A,https://www.goodreads.com/book/show/41865.Twilight,https://www.goodreads.com/author/show/941441.Stephenie_Meyer,2025-11-05 20:21:24
Animal Farm,George Orwell,4.01,4452396,1,https://i.gr-assets.com/images/S/compressed.photo.goodreads.com/books/1325861570i/170448._SY75_.jpg,N/A,https://www.goodreads.com/book/show/170448.Animal_Farm,https://www.goodreads.com/author/show/3706.George_Orwell,2025-11-05 20:21:24
J.R.R. Tolkien 4-Book Boxed Set: The Hobbit and The Lord of the Rings,J.R.R. Tolkien,4.61,142896,1,https://i.gr-assets.com/images/S/compressed.photo.goodreads.com/books/1656625315i/30._SX50_.jpg,N/A,https://www.goodreads.com/book/show/30.J_R_R_Tolkien_4_Book_Boxed_Set,https://www.goodreads.com/author/show/656983.J_R_R_Tolkien,2025-11-05 20:21:24
"The Chronicles of Narnia (The Chronicles of Narnia, #1-7)",C.S. Lewis,4.28,701375,1,https://i.gr-assets.com/images/S/compressed.photo.goodreads.com/books/1661032875i/11127._SY75_.jpg,N/A,https://www.goodreads.com/book/show/11127.The_Chronicles_of_Narnia,https://www.goodreads.com/author/show/1069006.C_S_Lewis,2025-11-05 20:21:24
The Fault in Our Stars,John Green,4.12,5648400,1,https://i.gr-assets.com/images/S/compressed.photo.goodreads.com/books/1660273739i/11870085._SX50_.jpg,N/A,https://www.goodreads.com/book/show/11870085-the-fault-in-our-stars,https://www.goodreads.com/author/show/1406384.John_Green,2025-11-05 20:21:24
The Picture of Dorian Gray,Oscar Wilde,4.13,1832240,1,https://i.gr-assets.com/images/S/compressed.photo.goodreads.com/books/1546103428i/5297._SY75_.jpg,N/A,https://www.goodreads.com/book/show/5297.The_Picture_of_Dorian_Gray,https://www.goodreads.com/author/show/3565.Oscar_Wilde,2025-11-05 20:21:24
"The Lightning Thief (Percy Jackson and the Olympians, #1)",Rick Riordan,4.31,3383942,1,https://i.gr-assets.com/images/S/compressed.photo.goodreads.com/books/1400602609i/28187._SY75_.jpg,N/A,https://www.goodreads.com/book/show/28187.The_Lightning_Thief,https://www.goodreads.com/author/show/15872.Rick_Riordan,2025-11-05 20:21:24
Wuthering Heights,Emily Brontë,3.90,1998393,1,https://i.gr-assets.com/images/S/compressed.photo.goodreads.com/books/1388212715i/6185._SY75_.jpg,N/A,https://www.goodreads.com/book/show/6185.Wuthering_Heights,https://www.goodreads.com/author/show/4191.Emily_Bront_,2025-11-05 20:21:24
The Giving Tree,Shel Silverstein,4.38,1222873,1,https://i.gr-assets.com/images/S/compressed.photo.goodreads.com/books/1725807591i/370493._SX50_.jpg,N/A,https://www.goodreads.com/book/show/370493.The_Giving_Tree,https://www.goodreads.com/author/show/435477.Shel_Silverstein,2025-11-05 20:21:24
"Harry Potter and the Order of the Phoenix (Harry Potter, #5)",J.K. Rowling,4.50,3744007,1,https://i.gr-assets.com/images/S/compressed.photo.goodreads.com/books/1546910265i/2._SY75_.jpg,N/A,https://www.goodreads.com/book/show/2.Harry_Potter_and_the_Order_of_the_Phoenix,https://www.goodreads.com/author/show/1077326.J_K_Rowling,2025-11-05 20:21:24
Gone with the Wind,Margaret Mitchell,4.31,1251202,1,https://i.gr-assets.com/images/S/compressed.photo.goodreads.com/books/1551144577i/18405._SY75_.jpg,N/A,https://www.goodreads.com/book/show/18405.Gone_with_the_Wind,https://www.goodreads.com/author/show/11081.Margaret_Mitchell,2025-11-05 20:21:24
The Perks of Being a Wallflower,Stephen Chbosky,4.24,1974563,1,https://i.gr-assets.com/images/S/compressed.photo.goodreads.com/books/1650033115i/22628._SX50_.jpg,N/A,https://www.goodreads.com/book/show/22628.The_Perks_of_Being_a_Wallflower,https://www.goodreads.com/author/show/12898.Stephen_Chbosky,2025-11-05 20:21:24
The Little Prince,Antoine de Saint-Exupéry,4.33,2424848,1,https://i.gr-assets.com/images/S/compressed.photo.goodreads.com/books/1367545443i/157993._SY75_.jpg,N/A,https://www.goodreads.com/book/show/157993.The_Little_Prince,https://www.goodreads.com/author/show/1020792.Antoine_de_Saint_Exup_ry,2025-11-05 20:21:24
Jane Eyre,Charlotte Brontë,4.16,2291496,1,https://i.gr-assets.com/images/S/compressed.photo.goodreads.com/books/1557343311i/10210._SY75_.jpg,N/A,https://www.goodreads.com/book/show/10210.Jane_Eyre,https://www.goodreads.com/author/show/1036615.Charlotte_Bront_,2025-11-05 20:21:24
The Great Gatsby,F. Scott Fitzgerald,3.93,5820103,1,https://i.gr-assets.com/images/S/compressed.photo.goodreads.com/books/1738790966i/4671._SY75_.jpg,N/A,https://www.goodreads.com/book/show/4671.The_Great_Gatsby,https://www.goodreads.com/author/show/3190.F_Scott_Fitzgerald,2025-11-05 20:21:24
Crime and Punishment,Fyodor Dostoevsky,4.28,1053582,1,https://i.gr-assets.com/images/S/compressed.photo.goodreads.com/books/1382846449i/7144._SY75_.jpg,N/A,https://www.goodreads.com/book/show/7144.Crime_and_Punishment,https://www.goodreads.com/author/show/3137322.Fyodor_Dostoevsky,2025-11-05 20:21:24
"The Da Vinci Code (Robert Langdon, #2)",Dan    Brown,3.93,2500395,1,https://i.gr-assets.com/images/S/compressed.photo.goodreads.com/books/1720313229i/968._SY75_.jpg,N/A,https://www.goodreads.com/book/show/968.The_Da_Vinci_Code,https://www.goodreads.com/author/show/630.Dan_Brown,2025-11-05 20:21:24
Alice’s Adventures in Wonderland / Through the Looking-Glass,Lewis Carroll,4.06,603765,1,https://i.gr-assets.com/images/S/compressed.photo.goodreads.com/books/1630487234i/24213._SX50_.jpg,N/A,https://www.goodreads.com/book/show/24213.Alice_s_Adventures_in_Wonderland_Through_the_Looking_Glass,https://www.goodreads.com/author/show/8164.Lewis_Carroll,2025-11-05 20:21:24
"Divergent (Divergent, #1)",Veronica Roth,4.13,4332804,1,https://i.gr-assets.com/images/S/compressed.photo.goodreads.com/books/1618526890i/13335037._SY75_.jpg,N/A,https://www.goodreads.com/book/show/13335037-divergent,https://www.goodreads.com/author/show/4039811.Veronica_Roth,2025-11-05 20:21:24
Memoirs of a Geisha,Arthur Golden,4.16,2096841,1,https://i.gr-assets.com/images/S/compressed.photo.goodreads.com/books/1409595968i/929._SY75_.jpg,N/A,https://www.goodreads.com/book/show/929.Memoirs_of_a_Geisha,https://www.goodreads.com/author/show/614.Arthur_Golden,2025-11-05 20:21:24
Les Misérables,Victor Hugo,4.21,837588,1,https://i.gr-assets.com/images/S/compressed.photo.goodreads.com/books/1411852091i/24280._SY75_.jpg,N/A,https://www.goodreads.com/book/show/24280.Les_Mis_rables,https://www.goodreads.com/author/show/13661.Victor_Hugo,2025-11-05 20:21:24
The Alchemist,Paulo Coelho,3.92,3500788,1,https://i.gr-assets.com/images/S/compressed.photo.goodreads.com/books/1483412266i/865._SY75_.jpg,N/A,https://www.goodreads.com/book/show/865.The_Alchemist,https://www.goodreads.com/author/show/566.Paulo_Coelho,2025-11-05 20:21:24
"Anne of Green Gables (Anne of Green Gables, #1)",L.M. Montgomery,4.33,1097209,1,https://i.gr-assets.com/images/S/compressed.photo.goodreads.com/books/1615094578i/8127._SY75_.jpg,N/A,https://www.goodreads.com/book/show/8127.Anne_of_Green_Gables,https://www.goodreads.com/author/show/5350.L_M_Montgomery,2025-11-05 20:21:24
Lord of the Flies,William Golding,3.70,3157980,1,https://i.gr-assets.com/images/S/compressed.photo.goodreads.com/books/1327869409i/7624._SY75_.jpg,N/A,https://www.goodreads.com/book/show/7624.Lord_of_the_Flies,https://www.goodreads.com/author/show/306.William_Golding,2025-11-05 20:21:24
Brave New World,Aldous Huxley,3.99,2047993,1,https://i.gr-assets.com/images/S/compressed.photo.goodreads.com/books/1575509280i/5129._SY75_.jpg,N/A,https://www.goodreads.com/book/show/5129.Brave_New_World,https://www.goodreads.com/author/show/3487.Aldous_Huxley,2025-11-05 20:21:24
Romeo and Juliet,William Shakespeare,3.74,2794835,1,https://i.gr-assets.com/images/S/compressed.photo.goodreads.com/books/1629680008i/18135._SY75_.jpg,N/A,https://www.goodreads.com/book/show/18135.Romeo_and_Juliet,https://www.goodreads.com/author/show/947.William_Shakespeare,2025-11-05 20:21:24
"The Hitchhiker’s Guide to the Galaxy (Hitchhiker's Guide to the Galaxy, #1)",Douglas Adams,4.22,1993433,1,https://i.gr-assets.com/images/S/compressed.photo.goodreads.com/books/1531891848i/11._SY75_.jpg,N/A,https://www.goodreads.com/book/show/11.The_Hitchhiker_s_Guide_to_the_Galaxy,https://www.goodreads.com/author/show/4.Douglas_Adams,2025-11-05 20:21:24
"City of Bones (The Mortal Instruments, #1)",Cassandra Clare,4.07,2148313,1,https://i.gr-assets.com/images/S/compressed.photo.goodreads.com/books/1432730315i/256683._SY75_.jpg,N/A,https://www.goodreads.com/book/show/256683.City_of_Bones,https://www.goodreads.com/author/show/150038.Cassandra_Clare,2025-11-05 20:21:24
The Help,Kathryn Stockett,4.47,2990049,1,https://i.gr-assets.com/images/S/compressed.photo.goodreads.com/books/1622355533i/4667024._SY75_.jpg,N/A,https://www.goodreads.com/book/show/4667024-the-help,https://www.goodreads.com/author/show/1943477.Kathryn_Stockett,2025-11-05 20:21:24
Dracula,Bram Stoker,4.02,1446060,1,https://i.gr-assets.com/images/S/compressed.photo.goodreads.com/books/1387151694i/17245._SY75_.jpg,N/A,https://www.goodreads.com/book/show/17245.Dracula,https://www.goodreads.com/author/show/6988.Bram_Stoker,2025-11-05 20:21:24
Charlotte’s Web,E.B. White,4.21,2020339,1,https://i.gr-assets.com/images/S/compressed.photo.goodreads.com/books/1628267712i/24178._SY75_.jpg,N/A,https://www.goodreads.com/book/show/24178.Charlotte_s_Web,https://www.goodreads.com/author/show/988142.E_B_White,2025-11-05 20:21:24
Fahrenheit 451,Ray Bradbury,3.97,2776718,1,https://i.gr-assets.com/images/S/compressed.photo.goodreads.com/books/1383718290i/13079982._SY75_.jpg,N/A,https://www.goodreads.com/book/show/13079982-fahrenheit-451,https://www.goodreads.com/author/show/1630.Ray_Bradbury,2025-11-05 20:21:24
Of Mice and Men,John Steinbeck,3.89,2792164,1,https://i.gr-assets.com/images/S/compressed.photo.goodreads.com/books/1511302904i/890._SX50_.jpg,N/A,https://www.goodreads.com/book/show/890.Of_Mice_and_Men,https://www.goodreads.com/author/show/585.John_Steinbeck,2025-11-05 20:21:24
"Ender’s Game (Ender's Saga, #1)",Orson Scott Card,4.31,1462479,1,https://i.gr-assets.com/images/S/compressed.photo.goodreads.com/books/1408303130i/375802._SY75_.jpg,N/A,https://www.goodreads.com/book/show/375802.Ender_s_Game,https://www.goodreads.com/author/show/589.Orson_Scott_Card,2025-11-05 20:21:24
1984,George Orwell,4.20,5344712,1,https://i.gr-assets.com/images/S/compressed.photo.goodreads.com/books/1532714506i/40961427._SX50_.jpg,N/A,https://www.goodreads.com/book/show/40961427-1984,https://www.goodreads.com/author/show/3706.George_Orwell,2025-11-05 20:21:24
The Catcher in the Rye,J.D. Salinger,3.80,3847319,1,https://i.gr-assets.com/images/S/compressed.photo.goodreads.com/books/1398034300i/5107._SY75_.jpg,N/A,https://www.goodreads.com/book/show/5107.The_Catcher_in_the_Rye,https://www.goodreads.com/author/show/819789.J_D_Salinger,2025-11-05 20:21:24
"Little Women (Little Women, #1)",Louisa May Alcott,4.17,2424395,1,https://i.gr-assets.com/images/S/compressed.photo.goodreads.com/books/1562690475i/1934._SY75_.jpg,N/A,https://www.goodreads.com/book/show/1934.Little_Women,https://www.goodreads.com/author/show/1315.Louisa_May_Alcott,2025-11-05 20:21:24
One Hundred Years of Solitude,Gabriel García Márquez,4.12,1088356,1,https://i.gr-assets.com/images/S/compressed.photo.goodreads.com/books/1327881361i/320._SX50_.jpg,N/A,https://www.goodreads.com/book/show/320.One_Hundred_Years_of_Solitude,https://www.goodreads.com/author/show/13450.Gabriel_Garc_a_M_rquez,2025-11-05 20:21:24
A Thousand Splendid Suns,Khaled Hosseini,4.45,1710433,1,https://i.gr-assets.com/images/S/compressed.photo.goodreads.com/books/1655336738i/128029._SY75_.jpg,N/A,https://www.goodreads.com/book/show/128029.A_Thousand_Splendid_Suns,https://www.goodreads.com/author/show/569.Khaled_Hosseini,2025-11-05 20:21:24
The Outsiders,S.E. Hinton,4.14,1568589,1,https://i.gr-assets.com/images/S/compressed.photo.goodreads.com/books/1442129426i/231804._SY75_.jpg,N/A,https://www.goodreads.com/book/show/231804.The_Outsiders,https://www.goodreads.com/author/show/762707.S_E_Hinton,2025-11-05 20:21:24
The Secret Garden,Frances Hodgson Burnett,4.17,1280002,1,https://i.gr-assets.com/images/S/compressed.photo.goodreads.com/books/1327873635i/2998._SY75_.jpg,N/A,https://www.goodreads.com/book/show/2998.The_Secret_Garden,https://www.goodreads.com/author/show/2041.Frances_Hodgson_Burnett,2025-11-05 20:21:24
The Princess Bride,William Goldman,4.27,942559,1,https://i.gr-assets.com/images/S/compressed.photo.goodreads.com/books/1327903636i/21787._SY75_.jpg,N/A,https://www.goodreads.com/book/show/21787.The_Princess_Bride,https://www.goodreads.com/author/show/12521.William_Goldman,2025-11-05 20:21:24
"A Game of Thrones (A Song of Ice and Fire, #1)",George R.R. Martin,4.45,2704541,1,https://i.gr-assets.com/images/S/compressed.photo.goodreads.com/books/1562726234i/13496._SY75_.jpg,N/A,https://www.goodreads.com/book/show/13496.A_Game_of_Thrones,https://www.goodreads.com/author/show/346732.George_R_R_Martin,2025-11-05 20:21:24
The Time Traveler's Wife,Audrey Niffenegger,4.00,1850913,1,https://i.gr-assets.com/images/S/compressed.photo.goodreads.com/books/1733519901i/18619684._SX50_.jpg,N/A,https://www.goodreads.com/book/show/18619684-the-time-traveler-s-wife,https://www.goodreads.com/author/show/498072.Audrey_Niffenegger,2025-11-05 20:21:24
"Harry Potter and the Deathly Hallows (Harry Potter, #7)",J.K. Rowling,4.62,4060613,1,https://i.gr-assets.com/images/S/compressed.photo.goodreads.com/books/1663805647i/136251._SY75_.jpg,N/A,https://www.goodreads.com/book/show/136251.Harry_Potter_and_the_Deathly_Hallows,https://www.goodreads.com/author/show/1077326.J_K_Rowling,2025-11-05 20:21:24
The Odyssey,Homer,3.83,1174240,1,https://i.gr-assets.com/images/S/compressed.photo.goodreads.com/books/1711957706i/1381._SY75_.jpg,N/A,https://www.goodreads.com/book/show/1381.The_Odyssey,https://www.goodreads.com/author/show/903.Homer,2025-11-05 20:21:24
Frankenstein: The 1818 Text,Mary Wollstonecraft Shelley,3.90,1819597,1,https://i.gr-assets.com/images/S/compressed.photo.goodreads.com/books/1631088473i/35031085._SY75_.jpg,N/A,https://www.goodreads.com/book/show/35031085-frankenstein,https://www.goodreads.com/author/show/11139.Mary_Wollstonecraft_Shelley,2025-11-05 20:21:24
"A Wrinkle in Time (Time Quintet, #1)",Madeleine L'Engle,3.97,1272249,1,https://i.gr-assets.com/images/S/compressed.photo.goodreads.com/books/1507963312i/33574273._SX50_.jpg,N/A,https://www.goodreads.com/book/show/33574273-a-wrinkle-in-time,https://www.goodreads.com/author/show/106.Madeleine_L_Engle,2025-11-05 20:21:24
"The Handmaid’s Tale (The Handmaid's Tale, #1)",Margaret Atwood,4.15,2373742,1,https://i.gr-assets.com/images/S/compressed.photo.goodreads.com/books/1578028274i/38447._SY75_.jpg,N/A,https://www.goodreads.com/book/show/38447.The_Handmaid_s_Tale,https://www.goodreads.com/author/show/3472.Margaret_Atwood,2025-11-05 20:21:24
The Kite Runner,Khaled Hosseini,4.35,3447867,1,https://i.gr-assets.com/images/S/compressed.photo.goodreads.com/books/1579036753i/77203._SY75_.jpg,N/A,https://www.goodreads.com/book/show/77203.The_Kite_Runner,https://www.goodreads.com/author/show/569.Khaled_Hosseini,2025-11-05 20:21:24
"The Giver (The Giver, #1)",Lois Lowry,4.12,2769003,1,https://i.gr-assets.com/images/S/compressed.photo.goodreads.com/books/1342493368i/3636._SY75_.jpg,N/A,https://www.goodreads.com/book/show/3636.The_Giver,https://www.goodreads.com/author/show/2493.Lois_Lowry,2025-11-05 20:21:24
"Harry Potter and the Prisoner of Azkaban (Harry Potter, #3)",J.K. Rowling,4.58,4758881,1,https://i.gr-assets.com/images/S/compressed.photo.goodreads.com/books/1630547330i/5._SY75_.jpg,N/A,https://www.goodreads.com/book/show/5.Harry_Potter_and_the_Prisoner_of_Azkaban,https://www.goodreads.com/author/show/1077326.J_K_Rowling,2025-11-05 20:21:24
"The Girl With the Dragon Tattoo (Millennium, #1)",Stieg Larsson,4.17,3413897,1,https://i.gr-assets.com/images/S/compressed.photo.goodreads.com/books/1684638853i/2429135._SX50_.jpg,N/A,https://www.goodreads.com/book/show/2429135.The_Girl_With_the_Dragon_Tattoo,https://www.goodreads.com/author/show/706255.Stieg_Larsson,2025-11-05 20:21:24
Dune (Dune #1),Frank Herbert,4.29,1600338,1,https://i.gr-assets.com/images/S/compressed.photo.goodreads.com/books/1555447414i/44767458._SY75_.jpg,N/A,https://www.goodreads.com/book/show/44767458-dune,https://www.goodreads.com/author/show/58.Frank_Herbert,2025-11-05 20:21:24
Where the Wild Things Are,Maurice Sendak,4.25,1052560,1,https://i.gr-assets.com/images/S/compressed.photo.goodreads.com/books/1384434560i/19543._SX50_.jpg,N/A,https://www.goodreads.com/book/show/19543.Where_the_Wild_Things_Are,https://www.goodreads.com/author/show/4489.Maurice_Sendak,2025-11-05 20:21:24
Green Eggs and Ham,Dr. Seuss,4.31,838747,1,https://i.gr-assets.com/images/S/compressed.photo.goodreads.com/books/1673212751i/23772._SX50_.jpg,N/A,https://www.goodreads.com/book/show/23772.Green_Eggs_and_Ham,https://www.goodreads.com/author/show/61105.Dr_Seuss,2025-11-05 20:21:24
The Lovely Bones,Alice Sebold,3.86,2451244,1,https://i.gr-assets.com/images/S/compressed.photo.goodreads.com/books/1457810586i/12232938._SY75_.jpg,N/A,https://www.goodreads.com/book/show/12232938-the-lovely-bones,https://www.goodreads.com/author/show/316.Alice_Sebold,2025-11-05 20:21:24
The Adventures of Huckleberry Finn,Mark Twain,3.83,1329965,1,https://i.gr-assets.com/images/S/compressed.photo.goodreads.com/books/1546096879i/2956._SX50_.jpg,N/A,https://www.goodreads.com/book/show/2956.The_Adventures_of_Huckleberry_Finn,https://www.goodreads.com/author/show/1244.Mark_Twain,2025-11-05 20:21:24
Life of Pi,Yann Martel,3.94,1740560,1,https://i.gr-assets.com/images/S/compressed.photo.goodreads.com/books/1631251689i/4214._SY75_.jpg,N/A,https://www.goodreads.com/book/show/4214.Life_of_Pi,https://www.goodreads.com/author/show/811.Yann_Martel,2025-11-05 20:21:24
Lolita,Vladimir Nabokov,3.87,933081,1,https://i.gr-assets.com/images/S/compressed.photo.goodreads.com/books/1377756377i/7604._SY75_.jpg,N/A,https://www.goodreads.com/book/show/7604.Lolita,https://www.goodreads.com/author/show/5152.Vladimir_Nabokov,2025-11-05 20:21:24
A Tale of Two Cities,Charles Dickens,3.88,1004665,1,https://i.gr-assets.com/images/S/compressed.photo.goodreads.com/books/1344922523i/1953._SY75_.jpg,N/A,https://www.goodreads.com/book/show/1953.A_Tale_of_Two_Cities,https://www.goodreads.com/author/show/239579.Charles_Dickens,2025-11-05 20:21:24
Slaughterhouse-Five,Kurt Vonnegut Jr.,4.10,1467800,1,https://i.gr-assets.com/images/S/compressed.photo.goodreads.com/books/1440319389i/4981._SY75_.jpg,N/A,https://www.goodreads.com/book/show/4981.Slaughterhouse_Five,https://www.goodreads.com/author/show/2778055.Kurt_Vonnegut_Jr_,2025-11-05 20:21:24
The Bell Jar,Sylvia Plath,4.05,1189474,1,https://i.gr-assets.com/images/S/compressed.photo.goodreads.com/books/1554582218i/6514._SY75_.jpg,N/A,https://www.goodreads.com/book/show/6514.The_Bell_Jar,https://www.goodreads.com/author/show/4379.Sylvia_Plath,2025-11-05 20:21:24
Matilda,Roald Dahl,4.33,1092911,1,https://i.gr-assets.com/images/S/compressed.photo.goodreads.com/books/1388793265i/39988._SY75_.jpg,N/A,https://www.goodreads.com/book/show/39988.Matilda,https://www.goodreads.com/author/show/4273.Roald_Dahl,2025-11-05 20:21:24
Water for Elephants,Sara Gruen,4.11,1690881,1,https://i.gr-assets.com/images/S/compressed.photo.goodreads.com/books/1667708346i/43641._SY75_.jpg,N/A,https://www.goodreads.com/book/show/43641.Water_for_Elephants,https://www.goodreads.com/author/show/24556.Sara_Gruen,2025-11-05 20:21:24
"Harry Potter and the Philosopher’s Stone (Harry Potter, #1)",J.K. Rowling,4.47,11232411,1,https://i.gr-assets.com/images/S/compressed.photo.goodreads.com/books/1598823299i/42844155._SX50_.jpg,N/A,https://www.goodreads.com/book/show/42844155-harry-potter-and-the-philosopher-s-stone,https://www.goodreads.com/author/show/1077326.J_K_Rowling,2025-11-05 20:21:24
The Stand,Stephen        King,4.35,825270,1,https://i.gr-assets.com/images/S/compressed.photo.goodreads.com/books/1213131305i/149267._SX50_.jpg,N/A,https://www.goodreads.com/book/show/149267.The_Stand,https://www.goodreads.com/author/show/3389.Stephen_King,2025-11-05 20:21:24
Catch-22,Joseph Heller,3.99,880532,1,https://i.gr-assets.com/images/S/compressed.photo.goodreads.com/books/1463157317i/168668._SY75_.jpg,N/A,https://www.goodreads.com/book/show/168668.Catch_22,https://www.goodreads.com/author/show/3167.Joseph_Heller,2025-11-05 20:21:24
"The Adventures of Sherlock Holmes (Sherlock Holmes, #3)",Arthur Conan Doyle,4.30,323401,1,https://i.gr-assets.com/images/S/compressed.photo.goodreads.com/books/1164045516i/3590._SY75_.jpg,N/A,https://www.goodreads.com/book/show/3590.The_Adventures_of_Sherlock_Holmes,https://www.goodreads.com/author/show/2448.Arthur_Conan_Doyle,2025-11-05 20:21:24
"The Pillars of the Earth (Kingsbridge, #1)",Ken Follett,4.35,820308,1,https://i.gr-assets.com/images/S/compressed.photo.goodreads.com/books/1576956100i/5043._SY75_.jpg,N/A,https://www.goodreads.com/book/show/5043.The_Pillars_of_the_Earth,https://www.goodreads.com/author/show/3447.Ken_Follett,2025-11-05 20:21:24
Rebecca,Daphne du Maurier,4.25,706342,1,https://i.gr-assets.com/images/S/compressed.photo.goodreads.com/books/1386605169i/17899948._SX50_.jpg,N/A,https://www.goodreads.com/book/show/17899948-rebecca,https://www.goodreads.com/author/show/2001717.Daphne_du_Maurier,2025-11-05 20:21:24
"Watership Down (Watership Down, #1)",Richard  Adams,4.09,502667,1,https://i.gr-assets.com/images/S/compressed.photo.goodreads.com/books/1405136931i/76620._SY75_.jpg,N/A,https://www.goodreads.com/book/show/76620.Watership_Down,https://www.goodreads.com/author/show/7717.Richard_Adams,2025-11-05 20:21:24
Great Expectations,Charles Dickens,3.80,865878,1,https://i.gr-assets.com/images/S/compressed.photo.goodreads.com/books/1631687432i/2623._SY75_.jpg,N/A,https://www.goodreads.com/book/show/2623.Great_Expectations,https://www.goodreads.com/author/show/239579.Charles_Dickens,2025-11-05 20:21:24
The Color Purple,Alice Walker,4.28,745421,1,https://i.gr-assets.com/images/S/compressed.photo.goodreads.com/books/1703084419i/52892857._SY75_.jpg,N/A,https://www.goodreads.com/book/show/52892857-the-color-purple,https://www.goodreads.com/author/show/7380.Alice_Walker,2025-11-05 20:21:24
"Outlander (Outlander, #1)",Diana Gabaldon,4.26,1142763,1,https://i.gr-assets.com/images/S/compressed.photo.goodreads.com/books/1659086907i/10964._SY75_.jpg,N/A,https://www.goodreads.com/book/show/10964.Outlander,https://www.goodreads.com/author/show/3617.Diana_Gabaldon,2025-11-05 20:21:24
Anna Karenina,Leo Tolstoy,4.10,919318,1,https://i.gr-assets.com/images/S/compressed.photo.goodreads.com/books/1546091617i/15823480._SX50_.jpg,N/A,https://www.goodreads.com/book/show/15823480-anna-karenina,https://www.goodreads.com/author/show/128382.Leo_Tolstoy,2025-11-05 20:21:24
"The Fellowship of the Ring (The Lord of the Rings, #1)",J.R.R. Tolkien,4.40,3100913,1,https://i.gr-assets.com/images/S/compressed.photo.goodreads.com/books/1654215925i/61215351._SY75_.jpg,N/A,https://www.goodreads.com/book/show/61215351-the-fellowship-of-the-ring,https://www.goodreads.com/author/show/656983.J_R_R_Tolkien,2025-11-05 20:21:24
One Flew Over the Cuckoo’s Nest,Ken Kesey,4.20,774347,1,https://i.gr-assets.com/images/S/compressed.photo.goodreads.com/books/1516211014i/332613._SX50_.jpg,N/A,https://www.goodreads.com/book/show/332613.One_Flew_Over_the_Cuckoo_s_Nest,https://www.goodreads.com/author/show/7285.Ken_Kesey,2025-11-05 20:21:24
My Sister's Keeper,Jodi Picoult,4.11,1269657,1,https://i.gr-assets.com/images/S/compressed.photo.goodreads.com/books/1369504683i/10917._SY75_.jpg,N/A,https://www.goodreads.com/book/show/10917.My_Sister_s_Keeper,https://www.goodreads.com/author/show/7128.Jodi_Picoult,2025-11-05 20:21:24
The Brothers Karamazov,Fyodor Dostoevsky,4.39,378845,1,https://i.gr-assets.com/images/S/compressed.photo.goodreads.com/books/1427728126i/4934._SX50_.jpg,N/A,https://www.goodreads.com/book/show/4934.The_Brothers_Karamazov,https://www.goodreads.com/author/show/3137322.Fyodor_Dostoevsky,2025-11-05 20:21:24
A Clockwork Orange,Anthony Burgess,4.00,761995,1,https://i.gr-assets.com/images/S/compressed.photo.goodreads.com/books/1549260060i/41817486._SX50_.jpg,N/A,https://www.goodreads.com/book/show/41817486-a-clockwork-orange,https://www.goodreads.com/author/show/5735.Anthony_Burgess,2025-11-05 20:21:24
To Kill a Mockingbird,Harper Lee,4.26,6782469,1,https://i.gr-assets.com/images/S/compressed.photo.goodreads.com/books/1554368352i/2654._SX50_.jpg,N/A,https://www.goodreads.com/book/show/2654.To_Kill_a_Mockingbird,https://www.goodreads.com/author/show/1825.Harper_Lee,2025-11-05 20:21:24
A Tree Grows in Brooklyn,Betty  Smith,4.30,506433,1,https://i.gr-assets.com/images/S/compressed.photo.goodreads.com/books/1327883484i/14891._SY75_.jpg,N/A,https://www.goodreads.com/book/show/14891.A_Tree_Grows_in_Brooklyn,https://www.goodreads.com/author/show/2327917.Betty_Smith,2025-11-05 20:21:24
The Road,Cormac McCarthy,4.00,1019684,1,https://i.gr-assets.com/images/S/compressed.photo.goodreads.com/books/1600241424i/6288._SY75_.jpg,N/A,https://www.goodreads.com/book/show/6288.The_Road,https://www.goodreads.com/author/show/4178.Cormac_McCarthy,2025-11-05 20:21:24
"The Golden Compass (His Dark Materials, #1)",Philip Pullman,4.03,1605754,1,https://i.gr-assets.com/images/S/compressed.photo.goodreads.com/books/1505766203i/119322._SX50_.jpg,N/A,https://www.goodreads.com/book/show/119322.The_Golden_Compass,https://www.goodreads.com/author/show/3618.Philip_Pullman,2025-11-05 20:21:24
The Elephant Tree,R.D. Ronald,3.90,39545,1,https://i.gr-assets.com/images/S/compressed.photo.goodreads.com/books/1327248026i/9293020._SY75_.jpg,N/A,https://www.goodreads.com/book/show/9293020-the-elephant-tree,https://www.goodreads.com/author/show/4346642.R_D_Ronald,2025-11-05 20:21:24
"Harry Potter and the Goblet of Fire (Harry Potter, #4)",J.K. Rowling,4.57,4131963,1,https://i.gr-assets.com/images/S/compressed.photo.goodreads.com/books/1627044952i/58613424._SY75_.jpg,N/A,https://www.goodreads.com/book/show/58613424-harry-potter-and-the-goblet-of-fire,https://www.goodreads.com/author/show/1077326.J_K_Rowling,2025-11-05 20:21:24
"Vampire Academy (Vampire Academy, #1)",Richelle Mead,4.10,677390,1,https://i.gr-assets.com/images/S/compressed.photo.goodreads.com/books/1361098973i/345627._SY75_.jpg,N/A,https://www.goodreads.com/book/show/345627.Vampire_Academy,https://www.goodreads.com/author/show/137902.Richelle_Mead,2025-11-05 20:21:24
Siddhartha,Hermann Hesse,4.08,862243,1,https://i.gr-assets.com/images/S/compressed.photo.goodreads.com/books/1629378189i/52036._SY75_.jpg,N/A,https://www.goodreads.com/book/show/52036.Siddhartha,https://www.goodreads.com/author/show/1113469.Hermann_Hesse,2025-11-05 20:21:24
"Angela’s Ashes (Frank McCourt, #1)",Frank McCourt,4.15,654813,1,https://i.gr-assets.com/images/S/compressed.photo.goodreads.com/books/1348317139i/252577._SY75_.jpg,N/A,https://www.goodreads.com/book/show/252577.Angela_s_Ashes,https://www.goodreads.com/author/show/3347.Frank_McCourt,2025-11-05 20:21:24
Don Quixote,Miguel de Cervantes Saavedra,3.91,301542,1,https://i.gr-assets.com/images/S/compressed.photo.goodreads.com/books/1546112331i/3836._SX50_.jpg,N/A,https://www.goodreads.com/book/show/3836.Don_Quixote,https://www.goodreads.com/author/show/4037220.Miguel_de_Cervantes_Saavedra,2025-11-05 20:21:24
And Then There Were None,Agatha Christie,4.27,1580580,1,https://i.gr-assets.com/images/S/compressed.photo.goodreads.com/books/1638425885i/16299._SY75_.jpg,N/A,https://www.goodreads.com/book/show/16299.And_Then_There_Were_None,https://www.goodreads.com/author/show/123715.Agatha_Christie,2025-11-05 20:21:24
The Old Man and the Sea,Ernest Hemingway,3.81,1290127,1,https://i.gr-assets.com/images/S/compressed.photo.goodreads.com/books/1329189714i/2165._SY75_.jpg,N/A,https://www.goodreads.com/book/show/2165.The_Old_Man_and_the_Sea,https://www.goodreads.com/author/show/1455.Ernest_Hemingway,2025-11-05 20:21:24
The Poisonwood Bible,Barbara Kingsolver,4.11,787531,1,https://i.gr-assets.com/images/S/compressed.photo.goodreads.com/books/1644073807i/7244._SY75_.jpg,N/A,https://www.goodreads.com/book/show/7244.The_Poisonwood_Bible,https://www.goodreads.com/author/show/3541.Barbara_Kingsolver,2025-11-05 20:21:24
The Complete Stories and Poems,Edgar Allan Poe,4.40,293820,1,https://i.gr-assets.com/images/S/compressed.photo.goodreads.com/books/1327942676i/23919._SY75_.jpg,N/A,https://www.goodreads.com/book/show/23919.The_Complete_Stories_and_Poems,https://www.goodreads.com/author/show/4624490.Edgar_Allan_Poe,2025-11-05 20:21:24
The Zombie Room,R.D. Ronald,3.92,39347,2,https://i.gr-assets.com/images/S/compressed.photo.goodreads.com/books/1460547041i/29908754._SY75_.jpg,the_zombie_room.jpg,https://www.goodreads.com/book/show/29908754-the-zombie-room,https://www.goodreads.com/author/show/4346642.R_D_Ronald,2025-11-05 20:21:42
"Interview with the Vampire (The Vampire Chronicles, #1)",Anne Rice,4.02,642405,2,https://i.gr-assets.com/images/S/compressed.photo.goodreads.com/books/1380631642i/43763._SY75_.jpg,interview_with_the_vampire_the.jpg,https://www.goodreads.com/book/show/43763.Interview_with_the_Vampire,https://www.goodreads.com/author/show/7577.Anne_Rice,2025-11-05 20:21:44
The Girl Who Played with Fire (Millennium #2),Stieg Larsson,4.26,979325,2,https://i.gr-assets.com/images/S/compressed.photo.goodreads.com/books/1351778881i/5060378._SX50_.jpg,the_girl_who_played_with_fire_.jpg,https://www.goodreads.com/book/show/5060378-the-girl-who-played-with-fire,https://www.goodreads.com/author/show/706255.Stieg_Larsson,2025-11-05 20:21:48
Atlas Shrugged,Ayn Rand,3.69,405052,2,https://i.gr-assets.com/images/S/compressed.photo.goodreads.com/books/1405868167i/662._SY75_.jpg,N/A,https://www.goodreads.com/book/show/662.Atlas_Shrugged,https://www.goodreads.com/author/show/432.Ayn_Rand,2025-11-05 20:21:50
Gone Girl,Gillian Flynn,4.14,3402206,2,https://i.gr-assets.com/images/S/compressed.photo.goodreads.com/books/1554086139i/19288043._SY75_.jpg,N/A,https://www.goodreads.com/book/show/19288043-gone-girl,https://www.goodreads.com/author/show/2383.Gillian_Flynn,2025-11-05 20:21:50
"Winnie-the-Pooh (Winnie-the-Pooh, #1)",A.A. Milne,4.38,392436,2,https://i.gr-assets.com/images/S/compressed.photo.goodreads.com/books/1298440130i/99107._SY75_.jpg,N/A,https://www.goodreads.com/book/show/99107.Winnie_the_Pooh,https://www.goodreads.com/author/show/81466.A_A_Milne,2025-11-05 20:21:50
"The Notebook (The Notebook, #1)",Nicholas Sparks,4.16,1824917,2,https://i.gr-assets.com/images/S/compressed.photo.goodreads.com/books/1483183484i/33648131._SY75_.jpg,N/A,https://www.goodreads.com/book/show/33648131-the-notebook,https://www.goodreads.com/author/show/2345.Nicholas_Sparks,2025-11-05 20:21:50
"Harry Potter and the Sorcerer's Stone (Harry Potter, #1)",J.K. Rowling,4.47,11232411,2,https://i.gr-assets.com/images/S/compressed.photo.goodreads.com/books/1474154022i/3._SY75_.jpg,N/A,https://www.goodreads.com/book/show/3.Harry_Potter_and_the_Sorcerer_s_Stone,https://www.goodreads.com/author/show/1077326.J_K_Rowling,2025-11-05 20:21:50
Fahrenheit 451,Ray Bradbury,3.97,2776718,2,https://i.gr-assets.com/images/S/compressed.photo.goodreads.com/books/1351643740i/4381._SY75_.jpg,N/A,https://www.goodreads.com/book/show/4381.Fahrenheit_451,https://www.goodreads.com/author/show/1630.Ray_Bradbury,2025-11-05 20:21:50
"The Shining (The Shining, #1)",Stephen        King,4.28,1677276,2,https://i.gr-assets.com/images/S/compressed.photo.goodreads.com/books/1353277730i/11588._SY75_.jpg,N/A,https://www.goodreads.com/book/show/11588.The_Shining,https://www.goodreads.com/author/show/3389.Stephen_King,2025-11-05 20:21:50
The Stranger,Albert Camus,4.03,1358095,2,https://i.gr-assets.com/images/S/compressed.photo.goodreads.com/books/1738704267i/49552._SY75_.jpg,N/A,https://www.goodreads.com/book/show/49552.The_Stranger,https://www.goodreads.com/author/show/957894.Albert_Camus,2025-11-05 20:21:50
"Moby-Dick or, The Whale",Herman Melville,3.56,609611,2,https://i.gr-assets.com/images/S/compressed.photo.goodreads.com/books/1327940656i/153747._SY75_.jpg,N/A,https://www.goodreads.com/book/show/153747.Moby_Dick_or_The_Whale,https://www.goodreads.com/author/show/1624.Herman_Melville,2025-11-05 20:21:50
A Prayer for Owen Meany,John Irving,4.24,334844,2,https://i.gr-assets.com/images/S/compressed.photo.goodreads.com/books/1260470010i/4473._SY75_.jpg,N/A,https://www.goodreads.com/book/show/4473.A_Prayer_for_Owen_Meany,https://www.goodreads.com/author/show/3075.John_Irving,2025-11-05 20:21:50
Dark Places,Gillian Flynn,3.94,829593,2,https://i.gr-assets.com/images/S/compressed.photo.goodreads.com/books/1354988288i/5886881._SY75_.jpg,N/A,https://www.goodreads.com/book/show/5886881-dark-places,https://www.goodreads.com/author/show/2383.Gillian_Flynn,2025-11-05 20:21:50
A Story of Yesterday,Sergio Cobo,4.53,18463,2,https://i.gr-assets.com/images/S/compressed.photo.goodreads.com/books/1630609122i/58913358._SY75_.jpg,N/A,https://www.goodreads.com/book/show/58913358-a-story-of-yesterday,https://www.goodreads.com/author/show/13552262.Sergio_Cobo,2025-11-05 20:21:50
"Harry Potter and the Chamber of Secrets (Harry Potter, #2)",J.K. Rowling,4.43,4419761,2,https://i.gr-assets.com/images/S/compressed.photo.goodreads.com/books/1474169725i/15881._SY75_.jpg,N/A,https://www.goodreads.com/book/show/15881.Harry_Potter_and_the_Chamber_of_Secrets,https://www.goodreads.com/author/show/1077326.J_K_Rowling,2025-11-05 20:21:50
"Clockwork Angel (The Infernal Devices, #1)",Cassandra Clare,4.31,872037,2,https://i.gr-assets.com/images/S/compressed.photo.goodreads.com/books/1693490271i/7171637._SY75_.jpg,N/A,https://www.goodreads.com/book/show/7171637-clockwork-angel,https://www.goodreads.com/author/show/150038.Cassandra_Clare,2025-11-05 20:21:50
Shutter Island,Dennis Lehane,4.13,221749,2,https://i.gr-assets.com/images/S/compressed.photo.goodreads.com/books/1329269081i/21686._SY75_.jpg,N/A,https://www.goodreads.com/book/show/21686.Shutter_Island,https://www.goodreads.com/author/show/10289.Dennis_Lehane,2025-11-05 20:21:50
"The Hobbit, or There and Back Again",J.R.R. Tolkien,4.30,4402121,2,https://i.gr-assets.com/images/S/compressed.photo.goodreads.com/books/1546071216i/5907._SY75_.jpg,N/A,https://www.goodreads.com/book/show/5907.The_Hobbit_or_There_and_Back_Again,https://www.goodreads.com/author/show/656983.J_R_R_Tolkien,2025-11-05 20:21:50
The Girl on the Train,Paula Hawkins,3.96,3246564,2,https://i.gr-assets.com/images/S/compressed.photo.goodreads.com/books/1748242265i/22557272._SY75_.jpg,N/A,https://www.goodreads.com/book/show/22557272-the-girl-on-the-train,https://www.goodreads.com/author/show/1063732.Paula_Hawkins,2025-11-05 20:21:50
It,Stephen        King,4.24,1247007,2,https://i.gr-assets.com/images/S/compressed.photo.goodreads.com/books/1334416842i/830502._SY75_.jpg,N/A,https://www.goodreads.com/book/show/830502.It,https://www.goodreads.com/author/show/3389.Stephen_King,2025-11-05 20:21:50
The Metamorphosis,Franz Kafka,3.90,1382758,2,https://i.gr-assets.com/images/S/compressed.photo.goodreads.com/books/1646444605i/485894._SY75_.jpg,N/A,https://www.goodreads.com/book/show/485894.The_Metamorphosis,https://www.goodreads.com/author/show/5223.Franz_Kafka,2025-11-05 20:21:50
The Secret Life of Bees,Sue Monk Kidd,4.10,1345551,2,https://i.gr-assets.com/images/S/compressed.photo.goodreads.com/books/1628532099i/37435._SY75_.jpg,N/A,https://www.goodreads.com/book/show/37435.The_Secret_Life_of_Bees,https://www.goodreads.com/author/show/4711.Sue_Monk_Kidd,2025-11-05 20:21:50
"Red Dragon (Hannibal Lecter, #1)",Thomas  Harris,4.07,369556,2,https://i.gr-assets.com/images/S/compressed.photo.goodreads.com/books/1593241110i/28877._SY75_.jpg,N/A,https://www.goodreads.com/book/show/28877.Red_Dragon,https://www.goodreads.com/author/show/12455.Thomas_Harris,2025-11-05 20:21:50
Mystic River,Dennis Lehane,4.17,163483,2,https://i.gr-assets.com/images/S/compressed.photo.goodreads.com/books/1407109549i/21671._SY75_.jpg,N/A,https://www.goodreads.com/book/show/21671.Mystic_River,https://www.goodreads.com/author/show/10289.Dennis_Lehane,2025-11-05 20:21:50
"The Name of the Wind (The Kingkiller Chronicle, #1)",Patrick Rothfuss,4.52,1067101,2,https://i.gr-assets.com/images/S/compressed.photo.goodreads.com/books/1704917687i/186074._SY75_.jpg,N/A,https://www.goodreads.com/book/show/186074.The_Name_of_the_Wind,https://www.goodreads.com/author/show/108424.Patrick_Rothfuss,2025-11-05 20:21:50
The Red Tent,Anita Diamant,4.20,628161,2,https://i.gr-assets.com/images/S/compressed.photo.goodreads.com/books/1405739117i/4989._SY75_.jpg,N/A,https://www.goodreads.com/book/show/4989.The_Red_Tent,https://www.goodreads.com/author/show/626222.Anita_Diamant,2025-11-05 20:21:50
Never Lie,Freida McFadden,4.08,1353495,2,https://i.gr-assets.com/images/S/compressed.photo.goodreads.com/books/1661428846i/62080187._SY75_.jpg,N/A,https://www.goodreads.com/book/show/62080187-never-lie,https://www.goodreads.com/author/show/7244758.Freida_McFadden,2025-11-05 20:21:50
Before I Go to Sleep,S.J. Watson,3.90,365721,2,https://i.gr-assets.com/images/S/compressed.photo.goodreads.com/books/1358353512i/9736930._SY75_.jpg,N/A,https://www.goodreads.com/book/show/9736930-before-i-go-to-sleep,https://www.goodreads.com/author/show/4470653.S_J_Watson,2025-11-05 20:21:50
None of This Is True,Lisa Jewell,4.08,1050510,2,https://i.gr-assets.com/images/S/compressed.photo.goodreads.com/books/1686092508i/62334530._SY75_.jpg,N/A,https://www.goodreads.com/book/show/62334530-none-of-this-is-true,https://www.goodreads.com/author/show/93504.Lisa_Jewell,2025-11-05 20:21:50
Big Little Lies,Liane Moriarty,4.31,1104272,2,https://i.gr-assets.com/images/S/compressed.photo.goodreads.com/books/1559835163i/33516773._SY75_.jpg,N/A,https://www.goodreads.com/book/show/33516773-big-little-lies,https://www.goodreads.com/author/show/322069.Liane_Moriarty,2025-11-05 20:21:50
The Master and Margarita,Mikhail Bulgakov,4.28,411505,2,https://i.gr-assets.com/images/S/compressed.photo.goodreads.com/books/1327867963i/117833._SY75_.jpg,N/A,https://www.goodreads.com/book/show/117833.The_Master_and_Margarita,https://www.goodreads.com/author/show/3873.Mikhail_Bulgakov,2025-11-05 20:21:50
The Paris Apartment,Lucy Foley,3.65,699999,2,https://i.gr-assets.com/images/S/compressed.photo.goodreads.com/books/1645550948i/58468990._SY75_.jpg,N/A,https://www.goodreads.com/book/show/58468990-the-paris-apartment,https://www.goodreads.com/author/show/7770523.Lucy_Foley,2025-11-05 20:21:50
"The Family Upstairs (The Family Upstairs, #1)",Lisa Jewell,3.96,549796,2,https://i.gr-assets.com/images/S/compressed.photo.goodreads.com/books/1564517337i/43822820._SY75_.jpg,N/A,https://www.goodreads.com/book/show/43822820-the-family-upstairs,https://www.goodreads.com/author/show/93504.Lisa_Jewell,2025-11-05 20:21:50
Lock Every Door,Riley Sager,3.89,291625,2,https://i.gr-assets.com/images/S/compressed.photo.goodreads.com/books/1540938359i/41837243._SY75_.jpg,N/A,https://www.goodreads.com/book/show/41837243-lock-every-door,https://www.goodreads.com/author/show/15263414.Riley_Sager,2025-11-05 20:21:50
1984,George Orwell,4.20,5344712,2,https://i.gr-assets.com/images/S/compressed.photo.goodreads.com/books/1657781256i/61439040._SX50_.jpg,N/A,https://www.goodreads.com/book/show/61439040-1984,https://www.goodreads.com/author/show/3706.George_Orwell,2025-11-05 20:21:50
"The Housemaid's Secret (The Housemaid, #2)",Freida McFadden,4.18,1459791,2,https://i.gr-assets.com/images/S/compressed.photo.goodreads.com/books/1664729357i/62848145._SY75_.jpg,N/A,https://www.goodreads.com/book/show/62848145-the-housemaid-s-secret,https://www.goodreads.com/author/show/7244758.Freida_McFadden,2025-11-05 20:21:50
"You (You, #1)",Caroline Kepnes,3.96,288553,2,https://i.gr-assets.com/images/S/compressed.photo.goodreads.com/books/1549463282i/36430011._SY75_.jpg,N/A,https://www.goodreads.com/book/show/36430011-you,https://www.goodreads.com/author/show/202260.Caroline_Kepnes,2025-11-05 20:21:50
The Woman in the Window,A.J. Finn,3.94,875685,2,https://i.gr-assets.com/images/S/compressed.photo.goodreads.com/books/1528225499i/40389527._SY75_.jpg,N/A,https://www.goodreads.com/book/show/40389527-the-woman-in-the-window,https://www.goodreads.com/author/show/7992137.A_J_Finn,2025-11-05 20:21:50
"The Woman in Cabin 10 (Lo Blacklock, #1)",Ruth Ware,3.72,748212,2,https://i.gr-assets.com/images/S/compressed.photo.goodreads.com/books/1465878007i/28187230._SY75_.jpg,N/A,https://www.goodreads.com/book/show/28187230-the-woman-in-cabin-10,https://www.goodreads.com/author/show/9013543.Ruth_Ware,2025-11-05 20:21:50
The Count of Monte Cristo,Alexandre Dumas,4.32,1008164,2,https://i.gr-assets.com/images/S/compressed.photo.goodreads.com/books/1724863997i/7126._SY75_.jpg,N/A,https://www.goodreads.com/book/show/7126.The_Count_of_Monte_Cristo,https://www.goodreads.com/author/show/4785.Alexandre_Dumas,2025-11-05 20:21:50
Pretty Girls,Karin Slaughter,4.01,675510,2,https://i.gr-assets.com/images/S/compressed.photo.goodreads.com/books/1432205734i/25574782._SY75_.jpg,N/A,https://www.goodreads.com/book/show/25574782-pretty-girls,https://www.goodreads.com/author/show/12504.Karin_Slaughter,2025-11-05 20:21:50
Home Before Dark,Riley Sager,4.05,300723,2,https://i.gr-assets.com/images/S/compressed.photo.goodreads.com/books/1571683410l/50833559._SX50_SY75_.jpg,N/A,https://www.goodreads.com/book/show/50833559-home-before-dark,https://www.goodreads.com/author/show/15263414.Riley_Sager,2025-11-05 20:21:50
"The Bone Collector (Lincoln Rhyme, #1)",Jeffery Deaver,4.20,194469,2,https://i.gr-assets.com/images/S/compressed.photo.goodreads.com/books/1437538512i/2373._SY75_.jpg,N/A,https://www.goodreads.com/book/show/2373.The_Bone_Collector,https://www.goodreads.com/author/show/1612.Jeffery_Deaver,2025-11-05 20:21:50
The Only One Left,Riley Sager,4.13,571125,2,https://i.gr-assets.com/images/S/compressed.photo.goodreads.com/books/1668181003i/62703226._SY75_.jpg,N/A,https://www.goodreads.com/book/show/62703226-the-only-one-left,https://www.goodreads.com/author/show/15263414.Riley_Sager,2025-11-05 20:21:50
No Exit,Taylor  Adams,3.99,210477,2,https://i.gr-assets.com/images/S/compressed.photo.goodreads.com/books/1498539883i/35522836._SY75_.jpg,N/A,https://www.goodreads.com/book/show/35522836-no-exit,https://www.goodreads.com/author/show/8475510.Taylor_Adams,2025-11-05 20:21:50
Behind Closed Doors,B.A. Paris,3.97,739585,2,https://i.gr-assets.com/images/S/compressed.photo.goodreads.com/books/1458854462i/29437949._SY75_.jpg,N/A,https://www.goodreads.com/book/show/29437949-behind-closed-doors,https://www.goodreads.com/author/show/14425604.B_A_Paris,2025-11-05 20:21:50
The Couple Next Door,Shari Lapena,3.80,698953,2,https://i.gr-assets.com/images/S/compressed.photo.goodreads.com/books/1471502242i/28815474._SY75_.jpg,N/A,https://www.goodreads.com/book/show/28815474-the-couple-next-door,https://www.goodreads.com/author/show/1278320.Shari_Lapena,2025-11-05 20:21:50
"The Last Olympian (Percy Jackson and the Olympians, #5)",Rick Riordan,4.55,1131070,2,https://i.gr-assets.com/images/S/compressed.photo.goodreads.com/books/1723393514i/4556058._SY75_.jpg,N/A,https://www.goodreads.com/book/show/4556058-the-last-olympian,https://www.goodreads.com/author/show/15872.Rick_Riordan,2025-11-05 20:21:50
Final Girls,Riley Sager,3.82,254698,2,https://i.gr-assets.com/images/S/compressed.photo.goodreads.com/books/1496658340i/32796253._SY75_.jpg,N/A,https://www.goodreads.com/book/show/32796253-final-girls,https://www.goodreads.com/author/show/15263414.Riley_Sager,2025-11-05 20:21:50
"The Last Thing He Told Me (Hannah Hall, #1)",Laura Dave,3.82,1124462,2,https://i.gr-assets.com/images/S/compressed.photo.goodreads.com/books/1603034599i/54981009._SY75_.jpg,N/A,https://www.goodreads.com/book/show/54981009-the-last-thing-he-told-me,https://www.goodreads.com/author/show/2672.Laura_Dave,2025-11-05 20:21:50
Eragon (The Inheritance Cycle #1),Christopher Paolini,3.96,1921385,2,https://i.gr-assets.com/images/S/compressed.photo.goodreads.com/books/1366212852i/113436._SX50_.jpg,N/A,https://www.goodreads.com/book/show/113436.Eragon,https://www.goodreads.com/author/show/8349.Christopher_Paolini,2025-11-05 20:21:50
The Very Hungry Caterpillar,Eric Carle,4.34,543075,2,https://i.gr-assets.com/images/S/compressed.photo.goodreads.com/books/1603739265i/4948._SX50_.jpg,N/A,https://www.goodreads.com/book/show/4948.The_Very_Hungry_Caterpillar,https://www.goodreads.com/author/show/3362.Eric_Carle,2025-11-05 20:21:50
Then She Was Gone,Lisa Jewell,4.04,953494,2,https://i.gr-assets.com/images/S/compressed.photo.goodreads.com/books/1741291185i/35297426._SY75_.jpg,N/A,https://www.goodreads.com/book/show/35297426-then-she-was-gone,https://www.goodreads.com/author/show/93504.Lisa_Jewell,2025-11-05 20:21:50
A Flicker in the Dark,Stacy Willingham,3.97,582781,2,https://i.gr-assets.com/images/S/compressed.photo.goodreads.com/books/1621347398i/57693172._SY75_.jpg,N/A,https://www.goodreads.com/book/show/57693172-a-flicker-in-the-dark,https://www.goodreads.com/author/show/21408101.Stacy_Willingham,2025-11-05 20:21:50
Looking for Alaska,John Green,3.96,1732223,2,https://i.gr-assets.com/images/S/compressed.photo.goodreads.com/books/1652042180i/99561._SY75_.jpg,N/A,https://www.goodreads.com/book/show/99561.Looking_for_Alaska,https://www.goodreads.com/author/show/1406384.John_Green,2025-11-05 20:21:50
"The Lion, the Witch and the Wardrobe (Chronicles of Narnia, #1)",C.S. Lewis,4.24,3105533,2,https://i.gr-assets.com/images/S/compressed.photo.goodreads.com/books/1353029077i/100915._SY75_.jpg,N/A,https://www.goodreads.com/book/show/100915.The_Lion_the_Witch_and_the_Wardrobe,https://www.goodreads.com/author/show/1069006.C_S_Lewis,2025-11-05 20:21:50
Perfume: The Story of a Murderer,Patrick Süskind,4.04,542495,2,https://i.gr-assets.com/images/S/compressed.photo.goodreads.com/books/1409112276i/343._SY75_.jpg,N/A,https://www.goodreads.com/book/show/343.Perfume,https://www.goodreads.com/author/show/39402.Patrick_S_skind,2025-11-05 20:21:50
"Charlie and the Chocolate Factory (Charlie Bucket, #1)",Roald Dahl,4.17,922087,2,https://i.gr-assets.com/images/S/compressed.photo.goodreads.com/books/1309211401i/6310._SY75_.jpg,N/A,https://www.goodreads.com/book/show/6310.Charlie_and_the_Chocolate_Factory,https://www.goodreads.com/author/show/4273.Roald_Dahl,2025-11-05 20:21:50
Middlesex,Jeffrey Eugenides,4.04,660616,2,https://i.gr-assets.com/images/S/compressed.photo.goodreads.com/books/1437029776i/2187._SY75_.jpg,N/A,https://www.goodreads.com/book/show/2187.Middlesex,https://www.goodreads.com/author/show/1467.Jeffrey_Eugenides,2025-11-05 20:21:50
The Adventures of Tom Sawyer,Mark Twain,3.92,1008170,2,https://i.gr-assets.com/images/S/compressed.photo.goodreads.com/books/1404811979i/24583._SY75_.jpg,N/A,https://www.goodreads.com/book/show/24583.The_Adventures_of_Tom_Sawyer,https://www.goodreads.com/author/show/1244.Mark_Twain,2025-11-05 20:21:50
"The Shadow of the Wind (The Cemetery of Forgotten Books, #1)",Carlos Ruiz Zafón,4.31,709292,2,https://i.gr-assets.com/images/S/compressed.photo.goodreads.com/books/1628791882i/1232._SY75_.jpg,N/A,https://www.goodreads.com/book/show/1232.The_Shadow_of_the_Wind,https://www.goodreads.com/author/show/815.Carlos_Ruiz_Zaf_n,2025-11-05 20:21:50
The Curious Incident of the Dog in the Night-Time,Mark Haddon,3.89,1582836,2,https://i.gr-assets.com/images/S/compressed.photo.goodreads.com/books/1479863624i/1618._SY75_.jpg,N/A,https://www.goodreads.com/book/show/1618.The_Curious_Incident_of_the_Dog_in_the_Night_Time,https://www.goodreads.com/author/show/1050.Mark_Haddon,2025-11-05 20:21:50
Fight Club,Chuck Palahniuk,4.18,636442,2,https://i.gr-assets.com/images/S/compressed.photo.goodreads.com/books/1558216416i/36236124._SY75_.jpg,N/A,https://www.goodreads.com/book/show/36236124-fight-club,https://www.goodreads.com/author/show/2546.Chuck_Palahniuk,2025-11-05 20:21:50
"Tuesdays with Morrie: An Old Man, a Young Man, and Life's Greatest Lesson",Mitch Albom,4.20,1177362,2,https://i.gr-assets.com/images/S/compressed.photo.goodreads.com/books/1423763749i/6900._SY75_.jpg,N/A,https://www.goodreads.com/book/show/6900.Tuesdays_with_Morrie,https://www.goodreads.com/author/show/2331.Mitch_Albom,2025-11-05 20:21:50
"Six of Crows (Six of Crows, #1)",Leigh Bardugo,4.46,1129628,2,https://i.gr-assets.com/images/S/compressed.photo.goodreads.com/books/1651710803i/23437156._SY75_.jpg,N/A,https://www.goodreads.com/book/show/23437156-six-of-crows,https://www.goodreads.com/author/show/4575289.Leigh_Bardugo,2025-11-05 20:21:50
"Holes (Holes, #1)",Louis Sachar,4.01,1349386,2,https://i.gr-assets.com/images/S/compressed.photo.goodreads.com/books/1618269830i/38709._SX50_.jpg,N/A,https://www.goodreads.com/book/show/38709.Holes,https://www.goodreads.com/author/show/6569.Louis_Sachar,2025-11-05 20:21:50
The Unbearable Lightness of Being,Milan Kundera,4.11,535205,2,https://i.gr-assets.com/images/S/compressed.photo.goodreads.com/books/1265401884i/9717._SY75_.jpg,N/A,https://www.goodreads.com/book/show/9717.The_Unbearable_Lightness_of_Being,https://www.goodreads.com/author/show/6343.Milan_Kundera,2025-11-05 20:21:50
"Harry Potter and the Half-Blood Prince (Harry Potter, #6)",J.K. Rowling,4.58,3611083,2,https://i.gr-assets.com/images/S/compressed.photo.goodreads.com/books/1587697303i/1._SX50_.jpg,N/A,https://www.goodreads.com/book/show/1.Harry_Potter_and_the_Half_Blood_Prince,https://www.goodreads.com/author/show/1077326.J_K_Rowling,2025-11-05 20:21:50
The Name of the Rose,Umberto Eco,4.14,391832,2,https://i.gr-assets.com/images/S/compressed.photo.goodreads.com/books/1415375471i/119073._SY75_.jpg,N/A,https://www.goodreads.com/book/show/119073.The_Name_of_the_Rose,https://www.goodreads.com/author/show/1730.Umberto_Eco,2025-11-05 20:21:50
On the Road,Jack Kerouac,3.61,443993,2,https://i.gr-assets.com/images/S/compressed.photo.goodreads.com/books/1658929891i/70401._SY75_.jpg,N/A,https://www.goodreads.com/book/show/70401.On_the_Road,https://www.goodreads.com/author/show/1742.Jack_Kerouac,2025-11-05 20:21:50
Where the Red Fern Grows,Wilson Rawls,4.13,437075,2,https://i.gr-assets.com/images/S/compressed.photo.goodreads.com/books/1518702249i/10365._SY75_.jpg,N/A,https://www.goodreads.com/book/show/10365.Where_the_Red_Fern_Grows,https://www.goodreads.com/author/show/6810.Wilson_Rawls,2025-11-05 20:21:50
"The Godfather (The Godfather, #1)",Mario Puzo,4.40,458964,2,https://i.gr-assets.com/images/S/compressed.photo.goodreads.com/books/1394988109i/22034._SY75_.jpg,N/A,https://www.goodreads.com/book/show/22034.The_Godfather,https://www.goodreads.com/author/show/12605.Mario_Puzo,2025-11-05 20:21:50
In Cold Blood,Truman Capote,4.09,720373,2,https://i.gr-assets.com/images/S/compressed.photo.goodreads.com/books/1424931136i/168642._SY75_.jpg,N/A,https://www.goodreads.com/book/show/168642.In_Cold_Blood,https://www.goodreads.com/author/show/431149.Truman_Capote,2025-11-05 20:21:50
The Secret History,Donna Tartt,4.16,991550,2,https://i.gr-assets.com/images/S/compressed.photo.goodreads.com/books/1751820530i/29044._SY75_.jpg,N/A,https://www.goodreads.com/book/show/29044.The_Secret_History,https://www.goodreads.com/author/show/8719.Donna_Tartt,2025-11-05 20:21:50
The Scarlet Letter,Nathaniel Hawthorne,3.44,910169,2,https://i.gr-assets.com/images/S/compressed.photo.goodreads.com/books/1404810944i/12296._SY75_.jpg,N/A,https://www.goodreads.com/book/show/12296.The_Scarlet_Letter,https://www.goodreads.com/author/show/7799.Nathaniel_Hawthorne,2025-11-05 20:21:50
"Catching Fire (The Hunger Games, #2)",Suzanne Collins,4.35,4085155,2,https://i.gr-assets.com/images/S/compressed.photo.goodreads.com/books/1586722941i/6148028._SY75_.jpg,N/A,https://www.goodreads.com/book/show/6148028-catching-fire,https://www.goodreads.com/author/show/153394.Suzanne_Collins,2025-11-05 20:21:50
"American Gods: Tenth Anniversary (American Gods, #1)",Neil Gaiman,4.10,985231,2,https://i.gr-assets.com/images/S/compressed.photo.goodreads.com/books/1462924585i/30165203._SY75_.jpg,N/A,https://www.goodreads.com/book/show/30165203-american-gods,https://www.goodreads.com/author/show/1221698.Neil_Gaiman,2025-11-05 20:21:50
The Five People You Meet in Heaven,Mitch Albom,4.01,792829,2,https://i.gr-assets.com/images/S/compressed.photo.goodreads.com/books/1388200541i/3431._SX50_.jpg,N/A,https://www.goodreads.com/book/show/3431.The_Five_People_You_Meet_in_Heaven,https://www.goodreads.com/author/show/2331.Mitch_Albom,2025-11-05 20:21:50
The Song of Achilles,Madeline Miller,4.31,1926833,2,https://i.gr-assets.com/images/S/compressed.photo.goodreads.com/books/1357177533i/13623848._SY75_.jpg,N/A,https://www.goodreads.com/book/show/13623848-the-song-of-achilles,https://www.goodreads.com/author/show/176372.Madeline_Miller,2025-11-05 20:21:50
The Divine Comedy: Inferno - Purgatorio - Paradiso,Dante Alighieri,4.08,169920,2,https://i.gr-assets.com/images/S/compressed.photo.goodreads.com/books/1657540227i/6656._SY75_.jpg,N/A,https://www.goodreads.com/book/show/6656.The_Divine_Comedy,https://www.goodreads.com/author/show/5031312.Dante_Alighieri,2025-11-05 20:21:50
Watchmen,Alan             Moore,4.39,591297,2,https://i.gr-assets.com/images/S/compressed.photo.goodreads.com/books/1442239711i/472331._SY75_.jpg,N/A,https://www.goodreads.com/book/show/472331.Watchmen,https://www.goodreads.com/author/show/3961.Alan_Moore,2025-11-05 20:21:50
All Quiet on the Western Front,Erich Maria Remarque,4.11,513114,2,https://i.gr-assets.com/images/S/compressed.photo.goodreads.com/books/1632027397i/355697._SY75_.jpg,N/A,https://www.goodreads.com/book/show/355697.All_Quiet_on_the_Western_Front,https://www.goodreads.com/author/show/4116.Erich_Maria_Remarque,2025-11-05 20:21:50
"The Cat in the Hat (Cat in the Hat, #1)",Dr. Seuss,4.19,581033,2,https://i.gr-assets.com/images/S/compressed.photo.goodreads.com/books/1468890477i/233093._SX50_.jpg,N/A,https://www.goodreads.com/book/show/233093.The_Cat_in_the_Hat,https://www.goodreads.com/author/show/61105.Dr_Seuss,2025-11-05 20:21:50
"Good Omens: The Nice and Accurate Prophecies of Agnes Nutter, Witch",Terry Pratchett,4.25,817849,2,https://i.gr-assets.com/images/S/compressed.photo.goodreads.com/books/1615552073i/12067._SY75_.jpg,N/A,https://www.goodreads.com/book/show/12067.Good_Omens,https://www.goodreads.com/author/show/1654.Terry_Pratchett,2025-11-05 20:21:50
"Lonesome Dove (Lonesome Dove, #1)",Larry McMurtry,4.57,231549,2,https://i.gr-assets.com/images/S/compressed.photo.goodreads.com/books/1559668037i/256008._SY75_.jpg,N/A,https://www.goodreads.com/book/show/256008.Lonesome_Dove,https://www.goodreads.com/author/show/1055.Larry_McMurtry,2025-11-05 20:21:50
"The Little House Collection (Little House, #1-9)",Laura Ingalls Wilder,4.36,156818,2,https://i.gr-assets.com/images/S/compressed.photo.goodreads.com/books/1577932823i/114345._SX50_.jpg,N/A,https://www.goodreads.com/book/show/114345.The_Little_House_Collection,https://www.goodreads.com/author/show/5300.Laura_Ingalls_Wilder,2025-11-05 20:21:50
"Hush, Hush (Hush, Hush, #1)",Becca Fitzpatrick,3.92,739937,2,https://i.gr-assets.com/images/S/compressed.photo.goodreads.com/books/1358261334i/6339664._SY75_.jpg,N/A,https://www.goodreads.com/book/show/6339664-hush-hush,https://www.goodreads.com/author/show/2876763.Becca_Fitzpatrick,2025-11-05 20:21:50
Peter Pan,J.M. Barrie,4.03,371792,2,https://i.gr-assets.com/images/S/compressed.photo.goodreads.com/books/1337714526i/34268._SX50_.jpg,N/A,https://www.goodreads.com/book/show/34268.Peter_Pan,https://www.goodreads.com/author/show/5255014.J_M_Barrie,2025-11-05 20:21:50
"The Titan’s Curse (Percy Jackson and the Olympians, #3)",Rick Riordan,4.37,1196641,2,https://i.gr-assets.com/images/S/compressed.photo.goodreads.com/books/1361038385i/561456._SY75_.jpg,N/A,https://www.goodreads.com/book/show/561456.The_Titan_s_Curse,https://www.goodreads.com/author/show/15872.Rick_Riordan,2025-11-05 20:21:50
"The Battle of the Labyrinth (Percy Jackson and the Olympians, #4)",Rick Riordan,4.42,1201860,2,https://i.gr-assets.com/images/S/compressed.photo.goodreads.com/books/1518607478i/2120932._SX50_.jpg,N/A,https://www.goodreads.com/book/show/2120932.The_Battle_of_the_Labyrinth,https://www.goodreads.com/author/show/15872.Rick_Riordan,2025-11-05 20:21:50
Love in the Time of Cholera,Gabriel García Márquez,3.94,541857,2,https://i.gr-assets.com/images/S/compressed.photo.goodreads.com/books/1644691354i/9712._SY75_.jpg,N/A,https://www.goodreads.com/book/show/9712.Love_in_the_Time_of_Cholera,https://www.goodreads.com/author/show/13450.Gabriel_Garc_a_M_rquez,2025-11-05 20:21:50
"Throne of Glass (Throne of Glass, #1)",Sarah J. Maas,4.18,2302695,2,https://i.gr-assets.com/images/S/compressed.photo.goodreads.com/books/1495278054i/7896527._SY75_.jpg,N/A,https://www.goodreads.com/book/show/7896527-throne-of-glass,https://www.goodreads.com/author/show/3433047.Sarah_J_Maas,2025-11-05 20:21:50
"Insurgent (Divergent, #2)",Veronica Roth,3.96,1610200,2,https://i.gr-assets.com/images/S/compressed.photo.goodreads.com/books/1618525340i/11735983._SY75_.jpg,N/A,https://www.goodreads.com/book/show/11735983-insurgent,https://www.goodreads.com/author/show/4039811.Veronica_Roth,2025-11-05 20:21:50
"The Sea of Monsters (Percy Jackson and the Olympians, #2)",Rick Riordan,4.24,1339929,2,https://i.gr-assets.com/images/S/compressed.photo.goodreads.com/books/1400602661i/28186._SX50_.jpg,N/A,https://www.goodreads.com/book/show/28186.The_Sea_of_Monsters,https://www.goodreads.com/author/show/15872.Rick_Riordan,2025-11-05 20:21:50
The Addiction Manifesto,Jerry Weaver,4.74,1256,2,https://i.gr-assets.com/images/S/compressed.photo.goodreads.com/books/1626523225i/58572970._SX50_.jpg,N/A,https://www.goodreads.com/book/show/58572970-the-addiction-manifesto,https://www.goodreads.com/author/show/15075919.Jerry_Weaver,2025-11-05 20:21:50
A Walk to Remember,Nicholas Sparks,4.20,841547,2,https://i.gr-assets.com/images/S/compressed.photo.goodreads.com/books/1498755310i/35545737._SY75_.jpg,N/A,https://www.goodreads.com/book/show/35545737-a-walk-to-remember,https://www.goodreads.com/author/show/2345.Nicholas_Sparks,2025-11-05 20:21:50
"A Court of Mist and Fury (A Court of Thorns and Roses, #2)",Sarah J. Maas,4.64,3080933,2,https://i.gr-assets.com/images/S/compressed.photo.goodreads.com/books/1546406996i/17927395._SY75_.jpg,N/A,https://www.goodreads.com/book/show/17927395-a-court-of-mist-and-fury,https://www.goodreads.com/author/show/3433047.Sarah_J_Maas,2025-11-05 20:21:50
"Clockwork Princess (The Infernal Devices, #3)",Cassandra Clare,4.55,473998,2,https://i.gr-assets.com/images/S/compressed.photo.goodreads.com/books/1436788488i/18335634._SY75_.jpg,N/A,https://www.goodreads.com/book/show/18335634-clockwork-princess,https://www.goodreads.com/author/show/150038.Cassandra_Clare,2025-11-05 20:21:50
How the Grinch Stole Christmas!,Dr. Seuss,4.38,442719,2,https://i.gr-assets.com/images/S/compressed.photo.goodreads.com/books/1327958149i/113946._SX50_.jpg,N/A,https://www.goodreads.com/book/show/113946.How_the_Grinch_Stole_Christmas_,https://www.goodreads.com/author/show/61105.Dr_Seuss,2025-11-05 20:21:50
The Thorn Birds,Colleen McCullough,4.25,363132,3,https://i.gr-assets.com/images/S/compressed.photo.goodreads.com/books/1548530867i/3412._SY75_.jpg,the_thorn_birds.jpg,https://www.goodreads.com/book/show/3412.The_Thorn_Birds,https://www.goodreads.com/author/show/4917067.Colleen_McCullough,2025-11-05 20:22:09
"The Ultimate Hitchhiker’s Guide to the Galaxy (Hitchhiker's Guide to the Galaxy, #1-5)",Douglas Adams,4.38,336630,3,https://i.gr-assets.com/images/S/compressed.photo.goodreads.com/books/1404613595i/13._SY75_.jpg,the_ultimate_hitchhikers_guide.jpg,https://www.goodreads.com/book/show/13.The_Ultimate_Hitchhiker_s_Guide_to_the_Galaxy,https://www.goodreads.com/author/show/4.Douglas_Adams,2025-11-05 20:22:13
"The Maze Runner (The Maze Runner, #1)",James Dashner,4.05,1658741,3,https://i.gr-assets.com/images/S/compressed.photo.goodreads.com/books/1375596592i/6186357._SY75_.jpg,the_maze_runner_the_maze_runne.jpg,https://www.goodreads.com/book/show/6186357-the-maze-runner,https://www.goodreads.com/author/show/348878.James_Dashner,2025-11-05 20:22:16
"Shadow Kiss (Vampire Academy, #3)",Richelle Mead,4.33,379794,3,https://i.gr-assets.com/images/S/compressed.photo.goodreads.com/books/1361099049i/2802316._SY75_.jpg,N/A,https://www.goodreads.com/book/show/2802316-shadow-kiss,https://www.goodreads.com/author/show/137902.Richelle_Mead,2025-11-05 20:22:19
The Compleat Works of Wllm Shkspr,Reduced Shakespeare Company,4.43,9782,3,https://i.gr-assets.com/images/S/compressed.photo.goodreads.com/books/1347579233i/1423._SX50_.jpg,N/A,https://www.goodreads.com/book/show/1423.The_Compleat_Works_of_Wllm_Shkspr,https://www.goodreads.com/author/show/32182188.Reduced_Shakespeare_Company,2025-11-05 20:22:19
Their Eyes Were Watching God,Zora Neale Hurston,3.99,382285,3,https://i.gr-assets.com/images/S/compressed.photo.goodreads.com/books/1368072803i/37415._SY75_.jpg,N/A,https://www.goodreads.com/book/show/37415.Their_Eyes_Were_Watching_God,https://www.goodreads.com/author/show/15151.Zora_Neale_Hurston,2025-11-05 20:22:19
"Harry Potter and the Half-Blood Prince (Harry Potter, #6)",J.K. Rowling,4.58,3611083,3,https://i.gr-assets.com/images/S/compressed.photo.goodreads.com/books/1627043894i/58613345._SY75_.jpg,N/A,https://www.goodreads.com/book/show/58613345-harry-potter-and-the-half-blood-prince,https://www.goodreads.com/author/show/1077326.J_K_Rowling,2025-11-05 20:22:19
The Importance of Being Earnest,Oscar Wilde,4.17,401873,3,https://i.gr-assets.com/images/S/compressed.photo.goodreads.com/books/1298438452i/92303._SY75_.jpg,N/A,https://www.goodreads.com/book/show/92303.The_Importance_of_Being_Earnest,https://www.goodreads.com/author/show/3565.Oscar_Wilde,2025-11-05 20:22:19
"The Wonderful Wizard of Oz (Oz, #1)",L. Frank Baum,4.00,505015,3,https://i.gr-assets.com/images/S/compressed.photo.goodreads.com/books/1398003737i/236093._SY75_.jpg,N/A,https://www.goodreads.com/book/show/236093.The_Wonderful_Wizard_of_Oz,https://www.goodreads.com/author/show/3242.L_Frank_Baum,2025-11-05 20:22:19
Atonement,Ian McEwan,3.95,558455,3,https://i.gr-assets.com/images/S/compressed.photo.goodreads.com/books/1320449708i/6867._SY75_.jpg,N/A,https://www.goodreads.com/book/show/6867.Atonement,https://www.goodreads.com/author/show/2408.Ian_McEwan,2025-11-05 20:22:19
The Three Musketeers,Alexandre Dumas,4.10,347813,3,https://i.gr-assets.com/images/S/compressed.photo.goodreads.com/books/1630475503i/7190._SX50_.jpg,N/A,https://www.goodreads.com/book/show/7190.The_Three_Musketeers,https://www.goodreads.com/author/show/4785.Alexandre_Dumas,2025-11-05 20:22:19
The Lorax,Dr. Seuss,4.35,366802,3,https://i.gr-assets.com/images/S/compressed.photo.goodreads.com/books/1705520064i/7784._SX50_.jpg,N/A,https://www.goodreads.com/book/show/7784.The_Lorax,https://www.goodreads.com/author/show/61105.Dr_Seuss,2025-11-05 20:22:19
The Seven Husbands of Evelyn Hugo,Taylor Jenkins Reid,4.40,3968971,3,https://i.gr-assets.com/images/S/compressed.photo.goodreads.com/books/1664458703i/32620332._SY75_.jpg,N/A,https://www.goodreads.com/book/show/32620332-the-seven-husbands-of-evelyn-hugo,https://www.goodreads.com/author/show/6572605.Taylor_Jenkins_Reid,2025-11-05 20:22:19
"Eat, Pray, Love",Elizabeth Gilbert,3.64,1832103,3,https://i.gr-assets.com/images/S/compressed.photo.goodreads.com/books/1503066414i/19501._SY75_.jpg,N/A,https://www.goodreads.com/book/show/19501.Eat_Pray_Love,https://www.goodreads.com/author/show/11679.Elizabeth_Gilbert,2025-11-05 20:22:19
Goodnight Moon,Margaret Wise Brown,4.32,392520,3,https://i.gr-assets.com/images/S/compressed.photo.goodreads.com/books/1439223893i/32929._SX50_.jpg,N/A,https://www.goodreads.com/book/show/32929.Goodnight_Moon,https://www.goodreads.com/author/show/18479.Margaret_Wise_Brown,2025-11-05 20:22:19
"The Hunger Games Trilogy Boxset (The Hunger Games, #1-3)",Suzanne Collins,4.50,233212,3,https://i.gr-assets.com/images/S/compressed.photo.goodreads.com/books/1360094673i/7938275._SY75_.jpg,N/A,https://www.goodreads.com/book/show/7938275-the-hunger-games-trilogy-boxset,https://www.goodreads.com/author/show/153394.Suzanne_Collins,2025-11-05 20:22:19
The Diary of a Young Girl,Anne Frank,4.20,4132144,3,https://i.gr-assets.com/images/S/compressed.photo.goodreads.com/books/1560816565i/48855._SY75_.jpg,N/A,https://www.goodreads.com/book/show/48855.The_Diary_of_a_Young_Girl,https://www.goodreads.com/author/show/3720.Anne_Frank,2025-11-05 20:22:19
A Midsummer Night’s Dream,William Shakespeare,3.94,573691,3,https://i.gr-assets.com/images/S/compressed.photo.goodreads.com/books/1327874534i/1622._SY75_.jpg,N/A,https://www.goodreads.com/book/show/1622.A_Midsummer_Night_s_Dream,https://www.goodreads.com/author/show/947.William_Shakespeare,2025-11-05 20:22:19
"Murder on the Orient Express (Hercule Poirot, #10)",Agatha Christie,4.20,717461,3,https://i.gr-assets.com/images/S/compressed.photo.goodreads.com/books/1733926500i/853510._SY75_.jpg,N/A,https://www.goodreads.com/book/show/853510.Murder_on_the_Orient_Express,https://www.goodreads.com/author/show/123715.Agatha_Christie,2025-11-05 20:22:19
Bridge to Terabithia,Katherine Paterson,4.06,584994,3,https://i.gr-assets.com/images/S/compressed.photo.goodreads.com/books/1532478367i/40940121._SY75_.jpg,N/A,https://www.goodreads.com/book/show/40940121-bridge-to-terabithia,https://www.goodreads.com/author/show/1949.Katherine_Paterson,2025-11-05 20:22:19
"Frostbite (Vampire Academy, #2)",Richelle Mead,4.25,370606,3,https://i.gr-assets.com/images/S/compressed.photo.goodreads.com/books/1361098960i/2282133._SY75_.jpg,N/A,https://www.goodreads.com/book/show/2282133.Frostbite,https://www.goodreads.com/author/show/137902.Richelle_Mead,2025-11-05 20:22:19
"The Selection (The Selection, #1)",Kiera Cass,4.07,1739535,3,https://i.gr-assets.com/images/S/compressed.photo.goodreads.com/books/1322103400i/10507293._SY75_.jpg,N/A,https://www.goodreads.com/book/show/10507293-the-selection,https://www.goodreads.com/author/show/2987125.Kiera_Cass,2025-11-05 20:22:19
Tess of the D’Urbervilles,Thomas Hardy,3.84,300397,3,https://i.gr-assets.com/images/S/compressed.photo.goodreads.com/books/1633063778i/32261._SY75_.jpg,N/A,https://www.goodreads.com/book/show/32261.Tess_of_the_D_Urbervilles,https://www.goodreads.com/author/show/15905.Thomas_Hardy,2025-11-05 20:22:19
Heart of Darkness,Joseph Conrad,3.43,552516,3,https://i.gr-assets.com/images/S/compressed.photo.goodreads.com/books/1392799983i/4900._SX50_.jpg,N/A,https://www.goodreads.com/book/show/4900.Heart_of_Darkness,https://www.goodreads.com/author/show/3345.Joseph_Conrad,2025-11-05 20:22:19
The Night Circus,Erin Morgenstern,4.00,1084357,3,https://i.gr-assets.com/images/S/compressed.photo.goodreads.com/books/1387124618i/9361589._SY75_.jpg,N/A,https://www.goodreads.com/book/show/9361589-the-night-circus,https://www.goodreads.com/author/show/4370565.Erin_Morgenstern,2025-11-05 20:22:19
The Call of the Wild,Jack London,3.91,466942,3,https://i.gr-assets.com/images/S/compressed.photo.goodreads.com/books/1452291694i/1852._SY75_.jpg,N/A,https://www.goodreads.com/book/show/1852.The_Call_of_the_Wild,https://www.goodreads.com/author/show/1240.Jack_London,2025-11-05 20:22:19
The Prophet,Kahlil Gibran,4.23,325261,3,https://i.gr-assets.com/images/S/compressed.photo.goodreads.com/books/1355046521i/2547._SY75_.jpg,N/A,https://www.goodreads.com/book/show/2547.The_Prophet,https://www.goodreads.com/author/show/6466154.Kahlil_Gibran,2025-11-05 20:22:19
"Blood Promise (Vampire Academy, #4)",Richelle Mead,4.30,325786,3,https://i.gr-assets.com/images/S/compressed.photo.goodreads.com/books/1442530605i/5996153._SY75_.jpg,N/A,https://www.goodreads.com/book/show/5996153-blood-promise,https://www.goodreads.com/author/show/137902.Richelle_Mead,2025-11-05 20:22:19
Alice in Wonderland,Jane Carruth,4.03,396421,3,https://i.gr-assets.com/images/S/compressed.photo.goodreads.com/books/1391458382i/13023._SX50_.jpg,N/A,https://www.goodreads.com/book/show/13023.Alice_in_Wonderland,https://www.goodreads.com/author/show/34933.Jane_Carruth,2025-11-05 20:22:19
The Joy Luck Club,Amy Tan,3.97,706717,3,https://i.gr-assets.com/images/S/compressed.photo.goodreads.com/books/1304978653i/7763._SY75_.jpg,N/A,https://www.goodreads.com/book/show/7763.The_Joy_Luck_Club,https://www.goodreads.com/author/show/5246.Amy_Tan,2025-11-05 20:22:19
"The Good Earth (House of Earth, #1)",Pearl S. Buck,4.01,259350,3,https://i.gr-assets.com/images/S/compressed.photo.goodreads.com/books/1312497600i/1078._SY75_.jpg,N/A,https://www.goodreads.com/book/show/1078.The_Good_Earth,https://www.goodreads.com/author/show/704.Pearl_S_Buck,2025-11-05 20:22:19
"Oh, the Places You’ll Go!",Dr. Seuss,4.37,438961,3,https://i.gr-assets.com/images/S/compressed.photo.goodreads.com/books/1630510695i/191139._SX50_.jpg,N/A,https://www.goodreads.com/book/show/191139.Oh_the_Places_You_ll_Go_,https://www.goodreads.com/author/show/61105.Dr_Seuss,2025-11-05 20:22:19
The Phantom Tollbooth,Norton Juster,4.20,304443,3,https://i.gr-assets.com/images/S/compressed.photo.goodreads.com/books/1558858485i/378._SX50_.jpg,N/A,https://www.goodreads.com/book/show/378.The_Phantom_Tollbooth,https://www.goodreads.com/author/show/214.Norton_Juster,2025-11-05 20:22:19
The Neverending Story,Michael Ende,4.18,218633,3,https://i.gr-assets.com/images/S/compressed.photo.goodreads.com/books/1554230952i/27712._SY75_.jpg,N/A,https://www.goodreads.com/book/show/27712.The_Neverending_Story,https://www.goodreads.com/author/show/15619.Michael_Ende,2025-11-05 20:22:19
Madame Bovary,Gustave Flaubert,3.71,369889,3,https://i.gr-assets.com/images/S/compressed.photo.goodreads.com/books/1741368185i/2175._SY75_.jpg,N/A,https://www.goodreads.com/book/show/2175.Madame_Bovary,https://www.goodreads.com/author/show/1461.Gustave_Flaubert,2025-11-05 20:22:19
Treasure Island,Robert Louis Stevenson,3.85,534947,3,https://i.gr-assets.com/images/S/compressed.photo.goodreads.com/books/1485248909i/295._SX50_.jpg,N/A,https://www.goodreads.com/book/show/295.Treasure_Island,https://www.goodreads.com/author/show/854076.Robert_Louis_Stevenson,2025-11-05 20:22:19
Oliver Twist,Charles Dickens,3.88,423915,3,https://i.gr-assets.com/images/S/compressed.photo.goodreads.com/books/1327868529i/18254._SY75_.jpg,N/A,https://www.goodreads.com/book/show/18254.Oliver_Twist,https://www.goodreads.com/author/show/239579.Charles_Dickens,2025-11-05 20:22:19
"The Mists of Avalon (Avalon, #1)",Marion Zimmer Bradley,4.13,212167,3,https://i.gr-assets.com/images/S/compressed.photo.goodreads.com/books/1529610467i/40605251._SX50_.jpg,N/A,https://www.goodreads.com/book/show/40605251-the-mists-of-avalon,https://www.goodreads.com/author/show/4841825.Marion_Zimmer_Bradley,2025-11-05 20:22:19
"A Storm of Swords (A Song of Ice and Fire, #3)",George R.R. Martin,4.55,838734,3,https://i.gr-assets.com/images/S/compressed.photo.goodreads.com/books/1571318786i/62291._SY75_.jpg,N/A,https://www.goodreads.com/book/show/62291.A_Storm_of_Swords,https://www.goodreads.com/author/show/346732.George_R_R_Martin,2025-11-05 20:22:19
The Boy in the Striped Pajamas,John Boyne,4.16,951528,3,https://i.gr-assets.com/images/S/compressed.photo.goodreads.com/books/1366228171i/39999._SY75_.jpg,N/A,https://www.goodreads.com/book/show/39999.The_Boy_in_the_Striped_Pajamas,https://www.goodreads.com/author/show/7195.John_Boyne,2025-11-05 20:22:19
Jonathan Livingston Seagull,Richard Bach,3.86,270087,3,https://i.gr-assets.com/images/S/compressed.photo.goodreads.com/books/1432222358i/71728._SX50_.jpg,N/A,https://www.goodreads.com/book/show/71728.Jonathan_Livingston_Seagull,https://www.goodreads.com/author/show/16904.Richard_Bach,2025-11-05 20:22:19
Ulysses,James Joyce,3.76,136729,3,https://i.gr-assets.com/images/S/compressed.photo.goodreads.com/books/1756682514i/338798._SY75_.jpg,N/A,https://www.goodreads.com/book/show/338798.Ulysses,https://www.goodreads.com/author/show/5144.James_Joyce,2025-11-05 20:22:19
"Jurassic Park (Jurassic Park, #1)",Michael Crichton,4.13,1048658,3,https://i.gr-assets.com/images/S/compressed.photo.goodreads.com/books/1529604411i/40604658._SY75_.jpg,N/A,https://www.goodreads.com/book/show/40604658-jurassic-park,https://www.goodreads.com/author/show/5194.Michael_Crichton,2025-11-05 20:22:19
"Fifty Shades of Grey (Fifty Shades, #1)",E.L. James,3.67,2834054,3,https://i.gr-assets.com/images/S/compressed.photo.goodreads.com/books/1385207843i/10818853._SX50_.jpg,N/A,https://www.goodreads.com/book/show/10818853-fifty-shades-of-grey,https://www.goodreads.com/author/show/4725841.E_L_James,2025-11-05 20:22:19
"Beloved (Beloved Trilogy, #1)",Toni Morrison,3.98,483960,3,https://i.gr-assets.com/images/S/compressed.photo.goodreads.com/books/1722944318i/6149._SY75_.jpg,N/A,https://www.goodreads.com/book/show/6149.Beloved,https://www.goodreads.com/author/show/3534.Toni_Morrison,2025-11-05 20:22:19
"The Lost Hero (The Heroes of Olympus, #1)",Rick Riordan,4.29,930117,3,https://i.gr-assets.com/images/S/compressed.photo.goodreads.com/books/1464201003i/7736182._SY75_.jpg,N/A,https://www.goodreads.com/book/show/7736182-the-lost-hero,https://www.goodreads.com/author/show/15872.Rick_Riordan,2025-11-05 20:22:19
"The Clan of the Cave Bear (Earth's Children, #1)",Jean M. Auel,4.10,280849,3,https://i.gr-assets.com/images/S/compressed.photo.goodreads.com/books/1760432374i/40611463._SY75_.jpg,N/A,https://www.goodreads.com/book/show/40611463-the-clan-of-the-cave-bear,https://www.goodreads.com/author/show/861.Jean_M_Auel,2025-11-05 20:22:19
A Farewell to Arms,Ernest Hemingway,3.82,349273,3,https://i.gr-assets.com/images/S/compressed.photo.goodreads.com/books/1313714836i/10799._SY75_.jpg,N/A,https://www.goodreads.com/book/show/10799.A_Farewell_to_Arms,https://www.goodreads.com/author/show/1455.Ernest_Hemingway,2025-11-05 20:22:19
The Canterbury Tales,Geoffrey Chaucer,3.52,236301,3,https://i.gr-assets.com/images/S/compressed.photo.goodreads.com/books/1261208589i/2696._SY75_.jpg,N/A,https://www.goodreads.com/book/show/2696.The_Canterbury_Tales,https://www.goodreads.com/author/show/1838.Geoffrey_Chaucer,2025-11-05 20:22:19
David Copperfield,Charles Dickens,4.04,256141,3,https://i.gr-assets.com/images/S/compressed.photo.goodreads.com/books/1461452762i/58696._SY75_.jpg,N/A,https://www.goodreads.com/book/show/58696.David_Copperfield,https://www.goodreads.com/author/show/239579.Charles_Dickens,2025-11-05 20:22:19
A Little Princess,Frances Hodgson Burnett,4.23,322462,3,https://i.gr-assets.com/images/S/compressed.photo.goodreads.com/books/1327868556i/3008._SY75_.jpg,N/A,https://www.goodreads.com/book/show/3008.A_Little_Princess,https://www.goodreads.com/author/show/2041.Frances_Hodgson_Burnett,2025-11-05 20:22:19
"Cinder (The Lunar Chronicles, #1)",Marissa Meyer,4.12,1002938,3,https://i.gr-assets.com/images/S/compressed.photo.goodreads.com/books/1507557775i/36381037._SY75_.jpg,N/A,https://www.goodreads.com/book/show/36381037-cinder,https://www.goodreads.com/author/show/4684322.Marissa_Meyer,2025-11-05 20:22:19
The World According to Garp,John Irving,4.11,237508,3,https://i.gr-assets.com/images/S/compressed.photo.goodreads.com/books/1447234581i/7069._SY75_.jpg,N/A,https://www.goodreads.com/book/show/7069.The_World_According_to_Garp,https://www.goodreads.com/author/show/3075.John_Irving,2025-11-05 20:22:19
Thirteen Reasons Why,Jay Asher,3.84,1019728,3,https://i.gr-assets.com/images/S/compressed.photo.goodreads.com/books/1555345043i/29844228._SY75_.jpg,N/A,https://www.goodreads.com/book/show/29844228-thirteen-reasons-why,https://www.goodreads.com/author/show/569269.Jay_Asher,2025-11-05 20:22:19
The Iliad / The Odyssey,Homer,4.07,82954,3,https://i.gr-assets.com/images/S/compressed.photo.goodreads.com/books/1388181863i/1375._SX50_.jpg,N/A,https://www.goodreads.com/book/show/1375.The_Iliad_The_Odyssey,https://www.goodreads.com/author/show/903.Homer,2025-11-05 20:22:19
His Dark Materials (His Dark Materials #1-3),Philip Pullman,4.29,167548,3,https://i.gr-assets.com/images/S/compressed.photo.goodreads.com/books/1442329494i/18116._SY75_.jpg,N/A,https://www.goodreads.com/book/show/18116.His_Dark_Materials,https://www.goodreads.com/author/show/3618.Philip_Pullman,2025-11-05 20:22:19
The Silmarillion,J.R.R. Tolkien,4.03,330551,3,https://i.gr-assets.com/images/S/compressed.photo.goodreads.com/books/1610045590i/7332._SX50_.jpg,N/A,https://www.goodreads.com/book/show/7332.The_Silmarillion,https://www.goodreads.com/author/show/656983.J_R_R_Tolkien,2025-11-05 20:22:19
"Howl’s Moving Castle (Howl’s Moving Castle, #1)",Diana Wynne Jones,4.29,437915,3,https://i.gr-assets.com/images/S/compressed.photo.goodreads.com/books/1630502935i/6294._SX50_.jpg,N/A,https://www.goodreads.com/book/show/6294.Howl_s_Moving_Castle,https://www.goodreads.com/author/show/4260.Diana_Wynne_Jones,2025-11-05 20:22:19
"Wicked: The Life and Times of the Wicked Witch of the West (The Wicked Years, #1)",Gregory Maguire,3.51,675912,3,https://i.gr-assets.com/images/S/compressed.photo.goodreads.com/books/1437733293i/37442._SY75_.jpg,N/A,https://www.goodreads.com/book/show/37442.Wicked,https://www.goodreads.com/author/show/7025.Gregory_Maguire,2025-11-05 20:22:19
The Trial,Franz Kafka,3.94,386423,3,https://i.gr-assets.com/images/S/compressed.photo.goodreads.com/books/1320399438i/17690._SY75_.jpg,N/A,https://www.goodreads.com/book/show/17690.The_Trial,https://www.goodreads.com/author/show/5223.Franz_Kafka,2025-11-05 20:22:19
"Shōgun (Asian Saga, #1)",James Clavell,4.41,210263,3,https://i.gr-assets.com/images/S/compressed.photo.goodreads.com/books/1704385704i/52382796._SY75_.jpg,N/A,https://www.goodreads.com/book/show/52382796-sh-gun,https://www.goodreads.com/author/show/6417.James_Clavell,2025-11-05 20:22:19
Schindler’s List,Thomas Keneally,4.34,165110,3,https://i.gr-assets.com/images/S/compressed.photo.goodreads.com/books/1722260788i/375013._SY75_.jpg,N/A,https://www.goodreads.com/book/show/375013.Schindler_s_List,https://www.goodreads.com/author/show/6900.Thomas_Keneally,2025-11-05 20:22:19
The Velveteen Rabbit,Margery Williams Bianco,4.31,271016,3,https://i.gr-assets.com/images/S/compressed.photo.goodreads.com/books/1347748913i/144974._SX50_.jpg,N/A,https://www.goodreads.com/book/show/144974.The_Velveteen_Rabbit,https://www.goodreads.com/author/show/83846.Margery_Williams_Bianco,2025-11-05 20:22:19
"Clockwork Prince (The Infernal Devices, #2)",Cassandra Clare,4.42,582200,3,https://i.gr-assets.com/images/S/compressed.photo.goodreads.com/books/1460477747i/10025305._SY75_.jpg,N/A,https://www.goodreads.com/book/show/10025305-clockwork-prince,https://www.goodreads.com/author/show/150038.Cassandra_Clare,2025-11-05 20:22:19
"Mockingjay (The Hunger Games, #3)",Suzanne Collins,4.12,3658786,3,https://i.gr-assets.com/images/S/compressed.photo.goodreads.com/books/1586722918i/7260188._SY75_.jpg,N/A,https://www.goodreads.com/book/show/7260188-mockingjay,https://www.goodreads.com/author/show/153394.Suzanne_Collins,2025-11-05 20:22:19
Extremely Loud & Incredibly Close,Jonathan Safran Foer,3.97,433659,3,https://i.gr-assets.com/images/S/compressed.photo.goodreads.com/books/1327879967i/4588._SY75_.jpg,N/A,https://www.goodreads.com/book/show/4588.Extremely_Loud_Incredibly_Close,https://www.goodreads.com/author/show/2617.Jonathan_Safran_Foer,2025-11-05 20:22:19
Man's Search for Meaning,Viktor E. Frankl,4.37,854990,3,https://i.gr-assets.com/images/S/compressed.photo.goodreads.com/books/1535419394i/4069._SY75_.jpg,N/A,https://www.goodreads.com/book/show/4069.Man_s_Search_for_Meaning,https://www.goodreads.com/author/show/2782.Viktor_E_Frankl,2025-11-05 20:22:19
"The Other Boleyn Girl (The Plantagenet and Tudor Novels, #9)",Philippa Gregory,4.09,511195,3,https://i.gr-assets.com/images/S/compressed.photo.goodreads.com/books/1355932638i/37470._SY75_.jpg,N/A,https://www.goodreads.com/book/show/37470.The_Other_Boleyn_Girl,https://www.goodreads.com/author/show/9987.Philippa_Gregory,2025-11-05 20:22:19
"The Silence of the Lambs  (Hannibal Lecter, #2)",Thomas  Harris,4.26,583773,3,https://i.gr-assets.com/images/S/compressed.photo.goodreads.com/books/1647930822i/23807._SY75_.jpg,N/A,https://www.goodreads.com/book/show/23807.The_Silence_of_the_Lambs,https://www.goodreads.com/author/show/12455.Thomas_Harris,2025-11-05 20:22:19
The Sun Also Rises,Ernest Hemingway,3.79,488400,3,https://i.gr-assets.com/images/S/compressed.photo.goodreads.com/books/1509802323i/3876._SY75_.jpg,N/A,https://www.goodreads.com/book/show/3876.The_Sun_Also_Rises,https://www.goodreads.com/author/show/1455.Ernest_Hemingway,2025-11-05 20:22:19
The Green Mile,Stephen        King,4.49,357641,3,https://i.gr-assets.com/images/S/compressed.photo.goodreads.com/books/1373903563i/11566._SY75_.jpg,N/A,https://www.goodreads.com/book/show/11566.The_Green_Mile,https://www.goodreads.com/author/show/3389.Stephen_King,2025-11-05 20:22:19
"Fallen (Fallen, #1)",Lauren Kate,3.72,615155,3,https://i.gr-assets.com/images/S/compressed.photo.goodreads.com/books/1440619649i/6487308._SY75_.jpg,N/A,https://www.goodreads.com/book/show/6487308-fallen,https://www.goodreads.com/author/show/2905297.Lauren_Kate,2025-11-05 20:22:19
"Last Sacrifice (Vampire Academy, #6)",Richelle Mead,4.37,298609,3,https://i.gr-assets.com/images/S/compressed.photo.goodreads.com/books/1319850978i/6527740._SX50_.jpg,N/A,https://www.goodreads.com/book/show/6527740-last-sacrifice,https://www.goodreads.com/author/show/137902.Richelle_Mead,2025-11-05 20:22:19
A Confederacy of Dunces,John Kennedy Toole,3.89,295097,3,https://i.gr-assets.com/images/S/compressed.photo.goodreads.com/books/1562554946i/310612._SY75_.jpg,N/A,https://www.goodreads.com/book/show/310612.A_Confederacy_of_Dunces,https://www.goodreads.com/author/show/3049.John_Kennedy_Toole,2025-11-05 20:22:19
The Lord of the Rings,J.R.R. Tolkien,4.54,724053,3,https://i.gr-assets.com/images/S/compressed.photo.goodreads.com/books/1566425108i/33._SX50_.jpg,N/A,https://www.goodreads.com/book/show/33.The_Lord_of_the_Rings,https://www.goodreads.com/author/show/656983.J_R_R_Tolkien,2025-11-05 20:22:19
The Screwtape Letters,C.S. Lewis,4.27,510189,3,https://i.gr-assets.com/images/S/compressed.photo.goodreads.com/books/1760782828i/8130077._SY75_.jpg,N/A,https://www.goodreads.com/book/show/8130077-the-screwtape-letters,https://www.goodreads.com/author/show/1069006.C_S_Lewis,2025-11-05 20:22:19
"Crooked Kingdom (Six of Crows, #2)",Leigh Bardugo,4.57,755398,3,https://i.gr-assets.com/images/S/compressed.photo.goodreads.com/books/1456172607i/22299763._SY75_.jpg,N/A,https://www.goodreads.com/book/show/22299763-crooked-kingdom,https://www.goodreads.com/author/show/4575289.Leigh_Bardugo,2025-11-05 20:22:19
The Crucible,Arthur Miller,3.61,458276,3,https://i.gr-assets.com/images/S/compressed.photo.goodreads.com/books/1547467608i/17250._SX50_.jpg,N/A,https://www.goodreads.com/book/show/17250.The_Crucible,https://www.goodreads.com/author/show/8120.Arthur_Miller,2025-11-05 20:22:19
Cat’s Cradle,Kurt Vonnegut Jr.,4.15,432990,3,https://i.gr-assets.com/images/S/compressed.photo.goodreads.com/books/1327867150i/135479._SY75_.jpg,N/A,https://www.goodreads.com/book/show/135479.Cat_s_Cradle,https://www.goodreads.com/author/show/2778055.Kurt_Vonnegut_Jr_,2025-11-05 20:22:19
The Secret Magdalene,Ki Longfellow,4.14,4725,3,https://i.gr-assets.com/images/S/compressed.photo.goodreads.com/books/1175446011i/514811._SY75_.jpg,N/A,https://www.goodreads.com/book/show/514811.The_Secret_Magdalene,https://www.goodreads.com/author/show/286014.Ki_Longfellow,2025-11-05 20:22:19
Misery,Stephen        King,4.23,832934,3,https://i.gr-assets.com/images/S/compressed.photo.goodreads.com/books/1746142586i/10614._SY75_.jpg,N/A,https://www.goodreads.com/book/show/10614.Misery,https://www.goodreads.com/author/show/3389.Stephen_King,2025-11-05 20:22:19
The Wind in the Willows,Kenneth Grahame,4.02,238108,3,https://i.gr-assets.com/images/S/compressed.photo.goodreads.com/books/1731896433i/5659._SY75_.jpg,N/A,https://www.goodreads.com/book/show/5659.The_Wind_in_the_Willows,https://www.goodreads.com/author/show/3843.Kenneth_Grahame,2025-11-05 20:22:19
A Light in the Attic,Shel Silverstein,4.36,473666,3,https://i.gr-assets.com/images/S/compressed.photo.goodreads.com/books/1427169918i/30118._SX50_.jpg,N/A,https://www.goodreads.com/book/show/30118.A_Light_in_the_Attic,https://www.goodreads.com/author/show/435477.Shel_Silverstein,2025-11-05 20:22:19
"Spirit Bound (Vampire Academy, #5)",Richelle Mead,4.32,306469,3,https://i.gr-assets.com/images/S/compressed.photo.goodreads.com/books/1291168967i/6479259._SY75_.jpg,N/A,https://www.goodreads.com/book/show/6479259-spirit-bound,https://www.goodreads.com/author/show/137902.Richelle_Mead,2025-11-05 20:22:19
The Phantom of the Opera,Gaston Leroux,3.96,272689,3,https://i.gr-assets.com/images/S/compressed.photo.goodreads.com/books/1327867727i/480204._SY75_.jpg,N/A,https://www.goodreads.com/book/show/480204.The_Phantom_of_the_Opera,https://www.goodreads.com/author/show/9057.Gaston_Leroux,2025-11-05 20:22:19
"A Clash of Kings  (A Song of Ice and Fire, #2)",George R.R. Martin,4.42,1011048,3,https://i.gr-assets.com/images/S/compressed.photo.goodreads.com/books/1567840212i/10572._SY75_.jpg,N/A,https://www.goodreads.com/book/show/10572.A_Clash_of_Kings,https://www.goodreads.com/author/show/346732.George_R_R_Martin,2025-11-05 20:22:19
"City of Fallen Angels (The Mortal Instruments, #4)",Cassandra Clare,4.07,636433,3,https://i.gr-assets.com/images/S/compressed.photo.goodreads.com/books/1369452302i/6752378._SY75_.jpg,N/A,https://www.goodreads.com/book/show/6752378-city-of-fallen-angels,https://www.goodreads.com/author/show/150038.Cassandra_Clare,2025-11-05 20:22:19
The Hiding Place: The Triumphant True Story of Corrie Ten Boom,Corrie ten Boom,4.48,352553,3,https://i.gr-assets.com/images/S/compressed.photo.goodreads.com/books/1320418824i/561909._SY75_.jpg,N/A,https://www.goodreads.com/book/show/561909.The_Hiding_Place,https://www.goodreads.com/author/show/102203.Corrie_ten_Boom,2025-11-05 20:22:19
The God of Small Things,Arundhati Roy,3.96,321358,3,https://i.gr-assets.com/images/S/compressed.photo.goodreads.com/books/1590282886i/9777._SY75_.jpg,N/A,https://www.goodreads.com/book/show/9777.The_God_of_Small_Things,https://www.goodreads.com/author/show/6134.Arundhati_Roy,2025-11-05 20:22:19
Blindness,José Saramago,4.18,332094,3,https://i.gr-assets.com/images/S/compressed.photo.goodreads.com/books/1528481068i/40495148._SY75_.jpg,N/A,https://www.goodreads.com/book/show/40495148-blindness,https://www.goodreads.com/author/show/1285555.Jos_Saramago,2025-11-05 20:22:19
"The Fellowship of the Ring (The Lord of the Rings, #1)",J.R.R. Tolkien,4.40,3100913,3,https://i.gr-assets.com/images/S/compressed.photo.goodreads.com/books/1298411339i/34._SX50_.jpg,N/A,https://www.goodreads.com/book/show/34.The_Fellowship_of_the_Ring,https://www.goodreads.com/author/show/656983.J_R_R_Tolkien,2025-11-05 20:22:19
"Ella Enchanted (Ella Enchanted, #1)",Gail Carson Levine,4.02,422890,3,https://i.gr-assets.com/images/S/compressed.photo.goodreads.com/books/1410727190i/24337._SY75_.jpg,N/A,https://www.goodreads.com/book/show/24337.Ella_Enchanted,https://www.goodreads.com/author/show/13677.Gail_Carson_Levine,2025-11-05 20:22:19
The House of the Spirits,Isabel Allende,4.29,312854,3,https://i.gr-assets.com/images/S/compressed.photo.goodreads.com/books/1621672028i/9328._SY75_.jpg,N/A,https://www.goodreads.com/book/show/9328.The_House_of_the_Spirits,https://www.goodreads.com/author/show/2238.Isabel_Allende,2025-11-05 20:22:19
"The Way of Kings (The Stormlight Archive, #1)",Brandon Sanderson,4.66,649037,3,https://i.gr-assets.com/images/S/compressed.photo.goodreads.com/books/1659905828i/7235533._SY75_.jpg,N/A,https://www.goodreads.com/book/show/7235533-the-way-of-kings,https://www.goodreads.com/author/show/38550.Brandon_Sanderson,2025-11-05 20:22:19
The Chain Between Worlds (The Lost Artefacts #1),Johnathon Nicolaou,4.42,1230,3,https://i.gr-assets.com/images/S/compressed.photo.goodreads.com/books/1643771474i/60288648._SX50_.jpg,N/A,https://www.goodreads.com/book/show/60288648-the-chain-between-worlds,https://www.goodreads.com/author/show/22199652.Johnathon_Nicolaou,2025-11-05 20:22:19
Girl with a Pearl Earring,Tracy Chevalier,3.93,775411,3,https://i.gr-assets.com/images/S/compressed.photo.goodreads.com/books/1327197580i/2865._SY75_.jpg,N/A,https://www.goodreads.com/book/show/2865.Girl_with_a_Pearl_Earring,https://www.goodreads.com/author/show/1973.Tracy_Chevalier,2025-11-05 20:22:19
"Uglies (Uglies, #1)",Scott Westerfeld,3.84,704965,3,https://i.gr-assets.com/images/S/compressed.photo.goodreads.com/books/1654202671i/24770._SX50_.jpg,N/A,https://www.goodreads.com/book/show/24770.Uglies,https://www.goodreads.com/author/show/13957.Scott_Westerfeld,2025-11-05 20:22:19
The Wind-Up Bird Chronicle,Haruki Murakami,4.14,311238,3,https://i.gr-assets.com/images/S/compressed.photo.goodreads.com/books/1327872639i/11275._SY75_.jpg,N/A,https://www.goodreads.com/book/show/11275.The_Wind_Up_Bird_Chronicle,https://www.goodreads.com/author/show/3354.Haruki_Murakami,2025-11-05 20:22:19
Marley and Me: Life and Love With the World’s Worst Dog,John Grogan,4.14,476265,3,https://i.gr-assets.com/images/S/compressed.photo.goodreads.com/books/1308858322i/12691._SY75_.jpg,N/A,https://www.goodreads.com/book/show/12691.Marley_and_Me,https://www.goodreads.com/author/show/8002.John_Grogan,2025-11-05 20:22:19
Norwegian Wood,Haruki Murakami,3.99,714852,3,https://i.gr-assets.com/images/S/compressed.photo.goodreads.com/books/1713542603i/11297._SY75_.jpg,N/A,https://www.goodreads.com/book/show/11297.Norwegian_Wood,https://www.goodreads.com/author/show/3354.Haruki_Murakami,2025-11-05 20:22:19
